Warp 1.0.2 initialized:
   CUDA Toolkit 11.5, Driver 13.2
   Devices:
     "cpu"      : "x86_64"
     "cuda:0"   : "NVIDIA RTX 6000 Ada Generation" (47 GiB, sm_89, mempool enabled)
   Kernel cache:
     /root/.cache/warp/1.0.2
sequences (7): box_motion_prod, jug_motion_prod, jug_tilt_prod, jug_translation_z_prod, shiny_box_tilt_prod, teabox_tilt_prod, teabox_translation_prod
[reset_object()] self.diameter:1.7320508075688772, vox_size:0.08660254037844387
[reset_object()] self.pts:torch.Size([8, 3])
[reset_object()] reset done
[make_rotation_grid()] cam_in_obs:(42, 4, 4)
[make_rotation_grid()] rot_grid:(252, 4, 4)
num original candidates = 252
num of pose after clustering: 252
[make_rotation_grid()] after cluster, rot_grid:(252, 4, 4)
[make_rotation_grid()] self.rot_grid: torch.Size([252, 4, 4])
[__init__()] self.cfg: 
 lr: 0.0001
c_in: 6
zfar: 'Infinity'
debug: null
n_view: 1
run_id: 3wy8qqex
use_BN: true
exp_name: 2024-01-11-20-02-45
n_epochs: 62
save_dir: /home/bowenw/debug/2024-01-11-20-02-45/
use_mask: false
loss_type: pairwise_valid
optimizer: adam
batch_size: 64
crop_ratio: 1.1
enable_amp: true
use_normal: false
max_num_key: null
warmup_step: -1
input_resize:
- 160
- 160
max_step_val: 1000
vis_interval: 1000
weight_decay: 0
normalize_xyz: true
resume_run_id: null
clip_grad_norm: 'Infinity'
lr_epoch_decay: 500
render_backend: nvdiffrast
train_num_pair: 5
lr_decay_epochs:
- 50
n_epochs_warmup: 1
make_pair_online: false
gradient_max_norm: 'Infinity'
max_step_per_epoch: 10000
n_rendering_workers: 1
save_epoch_interval: 100
n_dataloader_workers: 100
split_objects_across_gpus: true
ckpt_dir: /home/ngoncharov/cvpr2026/FoundationPose/learning/training/../../weights/2024-01-11-20-02-45/model_best.pth

[__init__()] self.h5_file:None
[__init__()] Using pretrained model from /home/ngoncharov/cvpr2026/FoundationPose/learning/training/../../weights/2024-01-11-20-02-45/model_best.pth
[__init__()] init done
[__init__()] welcome
[__init__()] self.cfg: 
 lr: 0.0001
c_in: 6
zfar: .inf
debug: null
w_rot: 0.1
n_view: 1
run_id: null
use_BN: true
rot_rep: axis_angle
ckpt_dir: /home/ngoncharov/cvpr2026/FoundationPose/learning/training/../../weights/2023-10-28-18-33-37/model_best.pth
exp_name: 2023-10-28-18-33-37
save_dir: /tmp/2023-10-28-18-33-37/
loss_type: l2
optimizer: adam
trans_rep: tracknet
batch_size: 64
crop_ratio: 1.2
use_normal: false
BN_momentum: 0.1
max_num_key: null
warmup_step: -1
input_resize:
- 160
- 160
max_step_val: 1000
normal_uint8: false
vis_interval: 1000
weight_decay: 0
n_max_objects: null
normalize_xyz: true
clip_grad_norm: 'Infinity'
rot_normalizer: 0.3490658503988659
trans_normalizer:
- 0.019999999552965164
- 0.019999999552965164
- 0.05000000074505806
max_step_per_epoch: 25000
val_epoch_interval: 10
n_dataloader_workers: 60
enable_amp: true
use_mask: false

[__init__()] self.h5_file:
[__init__()] Using pretrained model from /home/ngoncharov/cvpr2026/FoundationPose/learning/training/../../weights/2023-10-28-18-33-37/model_best.pth
[__init__()] init done
[to_device()] Moving pts to device cuda:0
[to_device()] Moving normals to device cuda:0
[to_device()] Moving symmetry_tfs to device cuda:0
[to_device()] Moving rot_grid to device cuda:0
[to_device()] Moving vertex_color to device cuda:0
[to_device()] Moving pos to device cuda:0
[to_device()] Moving faces to device cuda:0
[to_device()] Moving vnormals to device cuda:0
[run]  gt / box_motion_prod  mesh=/home/ngoncharov/cvpr2026/FoundationPose/bundlesdf/output_lift_prod/box_ref_prod/model.obj
[reset_object()] self.diameter:0.21212318532881216, vox_size:0.010606159266440608
[reset_object()] self.pts:torch.Size([1649, 3])
[reset_object()] reset done
[register()] Welcome
Module Utils load on device 'cuda:0' took 59.53 ms
[register()] poses:(252, 4, 4)
[register()] after viewpoint, add_errs min:-1.0
/opt/conda/envs/my/lib/python3.8/site-packages/torch/__init__.py:614: UserWarning: torch.set_default_tensor_type() is deprecated as of PyTorch 2.1, please use torch.set_default_dtype() and torch.set_default_device() as alternatives. (Triggered internally at ../torch/csrc/tensor/python_tensor.cpp:451.)
  _C._set_default_tensor_type(t)
[predict()] ob_in_cams:(252, 4, 4)
[predict()] self.cfg.use_normal:False
[predict()] trans_normalizer:[0.019999999552965164, 0.019999999552965164, 0.05000000074505806], rot_normalizer:0.3490658503988659
[predict()] making cropped data
[make_crop_data_batch()] Welcome make_crop_data_batch
[make_crop_data_batch()] make tf_to_crops done
[make_crop_data_batch()] render done
[make_crop_data_batch()] warp done
[make_crop_data_batch()] pose batch data done
[predict()] forward start
[predict()] forward done
[predict()] making cropped data
[make_crop_data_batch()] Welcome make_crop_data_batch
[make_crop_data_batch()] make tf_to_crops done
[make_crop_data_batch()] render done
[make_crop_data_batch()] warp done
[make_crop_data_batch()] pose batch data done
[predict()] forward start
[predict()] forward done
[predict()] making cropped data
[make_crop_data_batch()] Welcome make_crop_data_batch
[make_crop_data_batch()] make tf_to_crops done
[make_crop_data_batch()] render done
[make_crop_data_batch()] warp done
[make_crop_data_batch()] pose batch data done
[predict()] forward start
[predict()] forward done
[predict()] making cropped data
[make_crop_data_batch()] Welcome make_crop_data_batch
[make_crop_data_batch()] make tf_to_crops done
[make_crop_data_batch()] render done
[make_crop_data_batch()] warp done
[make_crop_data_batch()] pose batch data done
[predict()] forward start
[predict()] forward done
[predict()] making cropped data
[make_crop_data_batch()] Welcome make_crop_data_batch
[make_crop_data_batch()] make tf_to_crops done
[make_crop_data_batch()] render done
[make_crop_data_batch()] warp done
[make_crop_data_batch()] pose batch data done
[predict()] forward start
[predict()] forward done
[predict()] ob_in_cams:(252, 4, 4)
[predict()] self.cfg.use_normal:False
[predict()] making cropped data
[make_crop_data_batch()] Welcome make_crop_data_batch
[make_crop_data_batch()] make tf_to_crops done
[make_crop_data_batch()] render done
[make_crop_data_batch()] pose batch data done
[find_best_among_pairs()] pose_data.rgbAs.shape[0]: 252
[predict()] forward done
[register()] final, add_errs min:-1.0
[register()] sort ids:tensor([  0,   6,  42,  72, 132, 144, 162, 163, 216, 221,  96, 126, 145, 168,
          3,  75,  99, 105, 201,   9, 129, 135, 226, 100, 147,  33,  38,  97,
         12,  89,  44,  24,  91, 111, 138,  71,  18,  55, 133, 172, 123, 207,
        231,  50, 214, 161, 165, 239,  70, 122, 181, 150, 156,  27,  92,  64,
        107, 114, 200, 235, 244, 222,  39,  49,  84, 158,  10,  36, 140, 230,
        188,  56, 117, 153, 182, 183, 198, 211,  51, 174, 204, 218, 171,  78,
         15, 152, 124, 160,  25, 136,  79, 139, 170, 103,  22,  81, 120,  76,
         85, 118, 164, 208, 131, 229,  87, 210,  90, 141, 177, 149, 209,  40,
        166, 203, 205,  21,  45,  61,  11, 159, 228,  77, 137, 242,  53, 217,
        237,   8,  95, 185,   2,  52,  65, 102, 223, 224,  47, 148, 178,  63,
         93, 108, 128,  74,  88, 196,  48,  73,  98, 130, 142, 190, 192,   5,
         32,  60, 143, 106, 113, 127, 247,  26,  30,  57,  66, 167, 197, 199,
        251,  20,  35,  41, 125, 134, 225, 234, 233, 246, 248, 215, 151, 195,
        245,  28, 175, 250,   4, 104,  19,  67, 176, 206, 220, 243,  14, 112,
        236, 240,  46, 154, 186, 194,  94, 227,  68, 184, 191, 202, 241,   1,
         13,  69,   7,  23,  59,  83, 109,  34,  43,  58,  80, 155, 173, 249,
         29, 115, 146, 187, 116, 189, 213, 219,  37, 193,  62, 101, 121, 232,
         17,  82, 157,  16,  31,  86, 179, 212, 238,  54, 119, 110, 169, 180])
[register()] sorted scores:tensor([83.4219, 83.4219, 83.4219, 83.4219, 83.4219, 83.4219, 83.4219, 83.4219,
        83.4219, 83.4219, 83.4062, 83.4062, 83.3438, 83.2812, 83.2500, 83.2500,
        83.2500, 83.2500, 83.2500, 83.2344, 83.2344, 83.2344, 83.2188, 83.2031,
        83.1719, 83.1562, 83.1094, 83.1094, 83.0625, 83.0625, 83.0312, 83.0156,
        83.0156, 83.0156, 83.0156, 83.0000, 82.9844, 82.9844, 82.9844, 82.9688,
        82.9531, 82.9531, 82.9219, 82.9062, 82.9062, 82.8906, 82.8906, 82.8906,
        82.8750, 82.8750, 82.8594, 82.8281, 82.8281, 82.8125, 82.7812, 82.7656,
        82.7656, 82.7656, 82.7656, 82.7656, 82.7656, 82.7500, 82.7344, 82.7031,
        82.7031, 82.7031, 82.6719, 82.6562, 82.6562, 82.6562, 82.6406, 82.6250,
        82.6250, 82.6250, 82.6250, 82.6250, 82.6250, 82.6250, 82.6094, 82.6094,
        82.6094, 82.6094, 82.5938, 82.5781, 82.5469, 82.5469, 82.5312, 82.5312,
        82.5000, 82.5000, 82.4844, 82.4688, 82.4688, 82.4375, 82.4219, 82.4062,
        82.4062, 82.3906, 82.3750, 82.3750, 82.3750, 82.3750, 82.3594, 82.3438,
        82.3125, 82.3125, 82.2969, 82.2969, 82.2969, 82.2812, 82.2812, 82.2656,
        82.2656, 82.2656, 82.2656, 82.2500, 82.2500, 82.2500, 82.2344, 82.2344,
        82.2344, 82.2188, 82.2188, 82.2188, 82.1875, 82.1875, 82.1875, 82.1562,
        82.1562, 82.1562, 82.1406, 82.1406, 82.1406, 82.1406, 82.1406, 82.1406,
        82.1250, 82.1250, 82.1250, 82.0938, 82.0938, 82.0938, 82.0938, 82.0625,
        82.0625, 82.0625, 82.0469, 82.0469, 82.0469, 82.0469, 82.0469, 82.0469,
        82.0469, 82.0312, 82.0312, 82.0312, 82.0312, 82.0156, 82.0156, 82.0156,
        82.0156, 82.0000, 82.0000, 82.0000, 82.0000, 82.0000, 82.0000, 82.0000,
        82.0000, 81.9844, 81.9844, 81.9844, 81.9844, 81.9844, 81.9844, 81.9844,
        81.9688, 81.9688, 81.9688, 81.9531, 81.9375, 81.9375, 81.9375, 81.9219,
        81.9219, 81.9219, 81.9062, 81.9062, 81.8906, 81.8906, 81.8906, 81.8906,
        81.8906, 81.8906, 81.8750, 81.8750, 81.8750, 81.8750, 81.8594, 81.8594,
        81.8594, 81.8594, 81.8438, 81.8438, 81.8281, 81.8281, 81.8281, 81.8281,
        81.8281, 81.8125, 81.8125, 81.8125, 81.7969, 81.7969, 81.7969, 81.7969,
        81.7969, 81.7812, 81.7812, 81.7812, 81.7812, 81.7812, 81.7812, 81.7812,
        81.7656, 81.7656, 81.7656, 81.7656, 81.7500, 81.7500, 81.7500, 81.7500,
        81.7344, 81.7344, 81.7188, 81.7188, 81.7188, 81.7188, 81.7031, 81.7031,
        81.7031, 81.6875, 81.6875, 81.6875, 81.6875, 81.6875, 81.6875, 81.6719,
        81.6719, 81.6406, 81.6250, 81.6094])
[track_one()] Welcome
[track_one()] depth processing done
[predict()] ob_in_cams:(1, 4, 4)
[predict()] self.cfg.use_normal:False
[predict()] trans_normalizer:[0.019999999552965164, 0.019999999552965164, 0.05000000074505806], rot_normalizer:0.3490658503988659
[predict()] making cropped data
[make_crop_data_batch()] Welcome make_crop_data_batch
[make_crop_data_batch()] make tf_to_crops done
[make_crop_data_batch()] render done
[make_crop_data_batch()] warp done
[make_crop_data_batch()] pose batch data done
[predict()] forward start
[predict()] forward done
[predict()] making cropped data
[make_crop_data_batch()] Welcome make_crop_data_batch
[make_crop_data_batch()] make tf_to_crops done
[make_crop_data_batch()] render done
[make_crop_data_batch()] warp done
[make_crop_data_batch()] pose batch data done
[predict()] forward start
[predict()] forward done
[predict()] making cropped data
[make_crop_data_batch()] Welcome make_crop_data_batch
[make_crop_data_batch()] make tf_to_crops done
[make_crop_data_batch()] render done
[make_crop_data_batch()] warp done
[make_crop_data_batch()] pose batch data done
[predict()] forward start
[predict()] forward done
[predict()] making cropped data
[make_crop_data_batch()] Welcome make_crop_data_batch
[make_crop_data_batch()] make tf_to_crops done
[make_crop_data_batch()] render done
[make_crop_data_batch()] warp done
[make_crop_data_batch()] pose batch data done
[predict()] forward start
[predict()] forward done
[predict()] making cropped data
[make_crop_data_batch()] Welcome make_crop_data_batch
[make_crop_data_batch()] make tf_to_crops done
[make_crop_data_batch()] render done
[make_crop_data_batch()] warp done
[make_crop_data_batch()] pose batch data done
[predict()] forward start
[predict()] forward done
[track_one()] pose done
[track_one()] Welcome
[track_one()] depth processing done
[predict()] ob_in_cams:(1, 4, 4)
[predict()] self.cfg.use_normal:False
[predict()] trans_normalizer:[0.019999999552965164, 0.019999999552965164, 0.05000000074505806], rot_normalizer:0.3490658503988659
[predict()] making cropped data
[make_crop_data_batch()] Welcome make_crop_data_batch
[make_crop_data_batch()] make tf_to_crops done
[make_crop_data_batch()] render done
[make_crop_data_batch()] warp done
[make_crop_data_batch()] pose batch data done
[predict()] forward start
[predict()] forward done
[predict()] making cropped data
[make_crop_data_batch()] Welcome make_crop_data_batch
[make_crop_data_batch()] make tf_to_crops done
[make_crop_data_batch()] render done
[make_crop_data_batch()] warp done
[make_crop_data_batch()] pose batch data done
[predict()] forward start
[predict()] forward done
[predict()] making cropped data
[make_crop_data_batch()] Welcome make_crop_data_batch
[make_crop_data_batch()] make tf_to_crops done
[make_crop_data_batch()] render done
[make_crop_data_batch()] warp done
[make_crop_data_batch()] pose batch data done
[predict()] forward start
[predict()] forward done
[predict()] making cropped data
[make_crop_data_batch()] Welcome make_crop_data_batch
[make_crop_data_batch()] make tf_to_crops done
[make_crop_data_batch()] render done
[make_crop_data_batch()] warp done
[make_crop_data_batch()] pose batch data done
[predict()] forward start
[predict()] forward done
[predict()] making cropped data
[make_crop_data_batch()] Welcome make_crop_data_batch
[make_crop_data_batch()] make tf_to_crops done
[make_crop_data_batch()] render done
[make_crop_data_batch()] warp done
[make_crop_data_batch()] pose batch data done
[predict()] forward start
[predict()] forward done
[track_one()] pose done
[track_one()] Welcome
[track_one()] depth processing done
[predict()] ob_in_cams:(1, 4, 4)
[predict()] self.cfg.use_normal:False
[predict()] trans_normalizer:[0.019999999552965164, 0.019999999552965164, 0.05000000074505806], rot_normalizer:0.3490658503988659
[predict()] making cropped data
[make_crop_data_batch()] Welcome make_crop_data_batch
[make_crop_data_batch()] make tf_to_crops done
[make_crop_data_batch()] render done
[make_crop_data_batch()] warp done
[make_crop_data_batch()] pose batch data done
[predict()] forward start
[predict()] forward done
[predict()] making cropped data
[make_crop_data_batch()] Welcome make_crop_data_batch
[make_crop_data_batch()] make tf_to_crops done
[make_crop_data_batch()] render done
[make_crop_data_batch()] warp done
[make_crop_data_batch()] pose batch data done
[predict()] forward start
[predict()] forward done
[predict()] making cropped data
[make_crop_data_batch()] Welcome make_crop_data_batch
[make_crop_data_batch()] make tf_to_crops done
[make_crop_data_batch()] render done
[make_crop_data_batch()] warp done
[make_crop_data_batch()] pose batch data done
[predict()] forward start
[predict()] forward done
[predict()] making cropped data
[make_crop_data_batch()] Welcome make_crop_data_batch
[make_crop_data_batch()] make tf_to_crops done
[make_crop_data_batch()] render done
[make_crop_data_batch()] warp done
[make_crop_data_batch()] pose batch data done
[predict()] forward start
[predict()] forward done
[predict()] making cropped data
[make_crop_data_batch()] Welcome make_crop_data_batch
[make_crop_data_batch()] make tf_to_crops done
[make_crop_data_batch()] render done
[make_crop_data_batch()] warp done
[make_crop_data_batch()] pose batch data done
[predict()] forward start
[predict()] forward done
[track_one()] pose done
[track_one()] Welcome
[track_one()] depth processing done
[predict()] ob_in_cams:(1, 4, 4)
[predict()] self.cfg.use_normal:False
[predict()] trans_normalizer:[0.019999999552965164, 0.019999999552965164, 0.05000000074505806], rot_normalizer:0.3490658503988659
[predict()] making cropped data
[make_crop_data_batch()] Welcome make_crop_data_batch
[make_crop_data_batch()] make tf_to_crops done
[make_crop_data_batch()] render done
[make_crop_data_batch()] warp done
[make_crop_data_batch()] pose batch data done
[predict()] forward start
[predict()] forward done
[predict()] making cropped data
[make_crop_data_batch()] Welcome make_crop_data_batch
[make_crop_data_batch()] make tf_to_crops done
[make_crop_data_batch()] render done
[make_crop_data_batch()] warp done
[make_crop_data_batch()] pose batch data done
[predict()] forward start
[predict()] forward done
[predict()] making cropped data
[make_crop_data_batch()] Welcome make_crop_data_batch
[make_crop_data_batch()] make tf_to_crops done
[make_crop_data_batch()] render done
[make_crop_data_batch()] warp done
[make_crop_data_batch()] pose batch data done
[predict()] forward start
[predict()] forward done
[predict()] making cropped data
[make_crop_data_batch()] Welcome make_crop_data_batch
[make_crop_data_batch()] make tf_to_crops done
[make_crop_data_batch()] render done
[make_crop_data_batch()] warp done
[make_crop_data_batch()] pose batch data done
[predict()] forward start
[predict()] forward done
[predict()] making cropped data
[make_crop_data_batch()] Welcome make_crop_data_batch
[make_crop_data_batch()] make tf_to_crops done
[make_crop_data_batch()] render done
[make_crop_data_batch()] warp done
[make_crop_data_batch()] pose batch data done
[predict()] forward start
[predict()] forward done
[track_one()] pose done
[track_one()] Welcome
[track_one()] depth processing done
[predict()] ob_in_cams:(1, 4, 4)
[predict()] self.cfg.use_normal:False
[predict()] trans_normalizer:[0.019999999552965164, 0.019999999552965164, 0.05000000074505806], rot_normalizer:0.3490658503988659
[predict()] making cropped data
[make_crop_data_batch()] Welcome make_crop_data_batch
[make_crop_data_batch()] make tf_to_crops done
[make_crop_data_batch()] render done
[make_crop_data_batch()] warp done
[make_crop_data_batch()] pose batch data done
[predict()] forward start
[predict()] forward done
[predict()] making cropped data
[make_crop_data_batch()] Welcome make_crop_data_batch
[make_crop_data_batch()] make tf_to_crops done
[make_crop_data_batch()] render done
[make_crop_data_batch()] warp done
[make_crop_data_batch()] pose batch data done
[predict()] forward start
[predict()] forward done
[predict()] making cropped data
[make_crop_data_batch()] Welcome make_crop_data_batch
[make_crop_data_batch()] make tf_to_crops done
[make_crop_data_batch()] render done
[make_crop_data_batch()] warp done
[make_crop_data_batch()] pose batch data done
[predict()] forward start
[predict()] forward done
[predict()] making cropped data
[make_crop_data_batch()] Welcome make_crop_data_batch
[make_crop_data_batch()] make tf_to_crops done
[make_crop_data_batch()] render done
[make_crop_data_batch()] warp done
[make_crop_data_batch()] pose batch data done
[predict()] forward start
[predict()] forward done
[predict()] making cropped data
[make_crop_data_batch()] Welcome make_crop_data_batch
[make_crop_data_batch()] make tf_to_crops done
[make_crop_data_batch()] render done
[make_crop_data_batch()] warp done
[make_crop_data_batch()] pose batch data done
[predict()] forward start
[predict()] forward done
[track_one()] pose done
[track_one()] Welcome
[track_one()] depth processing done
[predict()] ob_in_cams:(1, 4, 4)
[predict()] self.cfg.use_normal:False
[predict()] trans_normalizer:[0.019999999552965164, 0.019999999552965164, 0.05000000074505806], rot_normalizer:0.3490658503988659
[predict()] making cropped data
[make_crop_data_batch()] Welcome make_crop_data_batch
[make_crop_data_batch()] make tf_to_crops done
[make_crop_data_batch()] render done
[make_crop_data_batch()] warp done
[make_crop_data_batch()] pose batch data done
[predict()] forward start
[predict()] forward done
[predict()] making cropped data
[make_crop_data_batch()] Welcome make_crop_data_batch
[make_crop_data_batch()] make tf_to_crops done
[make_crop_data_batch()] render done
[make_crop_data_batch()] warp done
[make_crop_data_batch()] pose batch data done
[predict()] forward start
[predict()] forward done
[predict()] making cropped data
[make_crop_data_batch()] Welcome make_crop_data_batch
[make_crop_data_batch()] make tf_to_crops done
[make_crop_data_batch()] render done
[make_crop_data_batch()] warp done
[make_crop_data_batch()] pose batch data done
[predict()] forward start
[predict()] forward done
[predict()] making cropped data
[make_crop_data_batch()] Welcome make_crop_data_batch
[make_crop_data_batch()] make tf_to_crops done
[make_crop_data_batch()] render done
[make_crop_data_batch()] warp done
[make_crop_data_batch()] pose batch data done
[predict()] forward start
[predict()] forward done
[predict()] making cropped data
[make_crop_data_batch()] Welcome make_crop_data_batch
[make_crop_data_batch()] make tf_to_crops done
[make_crop_data_batch()] render done
[make_crop_data_batch()] warp done
[make_crop_data_batch()] pose batch data done
[predict()] forward start
[predict()] forward done
[track_one()] pose done
[track_one()] Welcome
[track_one()] depth processing done
[predict()] ob_in_cams:(1, 4, 4)
[predict()] self.cfg.use_normal:False
[predict()] trans_normalizer:[0.019999999552965164, 0.019999999552965164, 0.05000000074505806], rot_normalizer:0.3490658503988659
[predict()] making cropped data
[make_crop_data_batch()] Welcome make_crop_data_batch
[make_crop_data_batch()] make tf_to_crops done
[make_crop_data_batch()] render done
[make_crop_data_batch()] warp done
[make_crop_data_batch()] pose batch data done
[predict()] forward start
[predict()] forward done
[predict()] making cropped data
[make_crop_data_batch()] Welcome make_crop_data_batch
[make_crop_data_batch()] make tf_to_crops done
[make_crop_data_batch()] render done
[make_crop_data_batch()] warp done
[make_crop_data_batch()] pose batch data done
[predict()] forward start
[predict()] forward done
[predict()] making cropped data
[make_crop_data_batch()] Welcome make_crop_data_batch
[make_crop_data_batch()] make tf_to_crops done
[make_crop_data_batch()] render done
[make_crop_data_batch()] warp done
[make_crop_data_batch()] pose batch data done
[predict()] forward start
[predict()] forward done
[predict()] making cropped data
[make_crop_data_batch()] Welcome make_crop_data_batch
[make_crop_data_batch()] make tf_to_crops done
[make_crop_data_batch()] render done
[make_crop_data_batch()] warp done
[make_crop_data_batch()] pose batch data done
[predict()] forward start
[predict()] forward done
[predict()] making cropped data
[make_crop_data_batch()] Welcome make_crop_data_batch
[make_crop_data_batch()] make tf_to_crops done
[make_crop_data_batch()] render done
[make_crop_data_batch()] warp done
[make_crop_data_batch()] pose batch data done
[predict()] forward start
[predict()] forward done
[track_one()] pose done
[track_one()] Welcome
[track_one()] depth processing done
[predict()] ob_in_cams:(1, 4, 4)
[predict()] self.cfg.use_normal:False
[predict()] trans_normalizer:[0.019999999552965164, 0.019999999552965164, 0.05000000074505806], rot_normalizer:0.3490658503988659
[predict()] making cropped data
[make_crop_data_batch()] Welcome make_crop_data_batch
[make_crop_data_batch()] make tf_to_crops done
[make_crop_data_batch()] render done
[make_crop_data_batch()] warp done
[make_crop_data_batch()] pose batch data done
[predict()] forward start
[predict()] forward done
[predict()] making cropped data
[make_crop_data_batch()] Welcome make_crop_data_batch
[make_crop_data_batch()] make tf_to_crops done
[make_crop_data_batch()] render done
[make_crop_data_batch()] warp done
[make_crop_data_batch()] pose batch data done
[predict()] forward start
[predict()] forward done
[predict()] making cropped data
[make_crop_data_batch()] Welcome make_crop_data_batch
[make_crop_data_batch()] make tf_to_crops done
[make_crop_data_batch()] render done
[make_crop_data_batch()] warp done
[make_crop_data_batch()] pose batch data done
[predict()] forward start
[predict()] forward done
[predict()] making cropped data
[make_crop_data_batch()] Welcome make_crop_data_batch
[make_crop_data_batch()] make tf_to_crops done
[make_crop_data_batch()] render done
[make_crop_data_batch()] warp done
[make_crop_data_batch()] pose batch data done
[predict()] forward start
[predict()] forward done
[predict()] making cropped data
[make_crop_data_batch()] Welcome make_crop_data_batch
[make_crop_data_batch()] make tf_to_crops done
[make_crop_data_batch()] render done
[make_crop_data_batch()] warp done
[make_crop_data_batch()] pose batch data done
[predict()] forward start
[predict()] forward done
[track_one()] pose done
[track_one()] Welcome
[track_one()] depth processing done
[predict()] ob_in_cams:(1, 4, 4)
[predict()] self.cfg.use_normal:False
[predict()] trans_normalizer:[0.019999999552965164, 0.019999999552965164, 0.05000000074505806], rot_normalizer:0.3490658503988659
[predict()] making cropped data
[make_crop_data_batch()] Welcome make_crop_data_batch
[make_crop_data_batch()] make tf_to_crops done
[make_crop_data_batch()] render done
[make_crop_data_batch()] warp done
[make_crop_data_batch()] pose batch data done
[predict()] forward start
[predict()] forward done
[predict()] making cropped data
[make_crop_data_batch()] Welcome make_crop_data_batch
[make_crop_data_batch()] make tf_to_crops done
[make_crop_data_batch()] render done
[make_crop_data_batch()] warp done
[make_crop_data_batch()] pose batch data done
[predict()] forward start
[predict()] forward done
[predict()] making cropped data
[make_crop_data_batch()] Welcome make_crop_data_batch
[make_crop_data_batch()] make tf_to_crops done
[make_crop_data_batch()] render done
[make_crop_data_batch()] warp done
[make_crop_data_batch()] pose batch data done
[predict()] forward start
[predict()] forward done
[predict()] making cropped data
[make_crop_data_batch()] Welcome make_crop_data_batch
[make_crop_data_batch()] make tf_to_crops done
[make_crop_data_batch()] render done
[make_crop_data_batch()] warp done
[make_crop_data_batch()] pose batch data done
[predict()] forward start
[predict()] forward done
[predict()] making cropped data
[make_crop_data_batch()] Welcome make_crop_data_batch
[make_crop_data_batch()] make tf_to_crops done
[make_crop_data_batch()] render done
[make_crop_data_batch()] warp done
[make_crop_data_batch()] pose batch data done
[predict()] forward start
[predict()] forward done
[track_one()] pose done
[track_one()] Welcome
[track_one()] depth processing done
[predict()] ob_in_cams:(1, 4, 4)
[predict()] self.cfg.use_normal:False
[predict()] trans_normalizer:[0.019999999552965164, 0.019999999552965164, 0.05000000074505806], rot_normalizer:0.3490658503988659
[predict()] making cropped data
[make_crop_data_batch()] Welcome make_crop_data_batch
[make_crop_data_batch()] make tf_to_crops done
[make_crop_data_batch()] render done
[make_crop_data_batch()] warp done
[make_crop_data_batch()] pose batch data done
[predict()] forward start
[predict()] forward done
[predict()] making cropped data
[make_crop_data_batch()] Welcome make_crop_data_batch
[make_crop_data_batch()] make tf_to_crops done
[make_crop_data_batch()] render done
[make_crop_data_batch()] warp done
[make_crop_data_batch()] pose batch data done
[predict()] forward start
[predict()] forward done
[predict()] making cropped data
[make_crop_data_batch()] Welcome make_crop_data_batch
[make_crop_data_batch()] make tf_to_crops done
[make_crop_data_batch()] render done
[make_crop_data_batch()] warp done
[make_crop_data_batch()] pose batch data done
[predict()] forward start
[predict()] forward done
[predict()] making cropped data
[make_crop_data_batch()] Welcome make_crop_data_batch
[make_crop_data_batch()] make tf_to_crops done
[make_crop_data_batch()] render done
[make_crop_data_batch()] warp done
[make_crop_data_batch()] pose batch data done
[predict()] forward start
[predict()] forward done
[predict()] making cropped data
[make_crop_data_batch()] Welcome make_crop_data_batch
[make_crop_data_batch()] make tf_to_crops done
[make_crop_data_batch()] render done
[make_crop_data_batch()] warp done
[make_crop_data_batch()] pose batch data done
[predict()] forward start
[predict()] forward done
[track_one()] pose done
[track_one()] Welcome
[track_one()] depth processing done
[predict()] ob_in_cams:(1, 4, 4)
[predict()] self.cfg.use_normal:False
[predict()] trans_normalizer:[0.019999999552965164, 0.019999999552965164, 0.05000000074505806], rot_normalizer:0.3490658503988659
[predict()] making cropped data
[make_crop_data_batch()] Welcome make_crop_data_batch
[make_crop_data_batch()] make tf_to_crops done
[make_crop_data_batch()] render done
[make_crop_data_batch()] warp done
[make_crop_data_batch()] pose batch data done
[predict()] forward start
[predict()] forward done
[predict()] making cropped data
[make_crop_data_batch()] Welcome make_crop_data_batch
[make_crop_data_batch()] make tf_to_crops done
[make_crop_data_batch()] render done
[make_crop_data_batch()] warp done
[make_crop_data_batch()] pose batch data done
[predict()] forward start
[predict()] forward done
[predict()] making cropped data
[make_crop_data_batch()] Welcome make_crop_data_batch
[make_crop_data_batch()] make tf_to_crops done
[make_crop_data_batch()] render done
[make_crop_data_batch()] warp done
[make_crop_data_batch()] pose batch data done
[predict()] forward start
[predict()] forward done
[predict()] making cropped data
[make_crop_data_batch()] Welcome make_crop_data_batch
[make_crop_data_batch()] make tf_to_crops done
[make_crop_data_batch()] render done
[make_crop_data_batch()] warp done
[make_crop_data_batch()] pose batch data done
[predict()] forward start
[predict()] forward done
[predict()] making cropped data
[make_crop_data_batch()] Welcome make_crop_data_batch
[make_crop_data_batch()] make tf_to_crops done
[make_crop_data_batch()] render done
[make_crop_data_batch()] warp done
[make_crop_data_batch()] pose batch data done
[predict()] forward start
[predict()] forward done
[track_one()] pose done
[track_one()] Welcome
[track_one()] depth processing done
[predict()] ob_in_cams:(1, 4, 4)
[predict()] self.cfg.use_normal:False
[predict()] trans_normalizer:[0.019999999552965164, 0.019999999552965164, 0.05000000074505806], rot_normalizer:0.3490658503988659
[predict()] making cropped data
[make_crop_data_batch()] Welcome make_crop_data_batch
[make_crop_data_batch()] make tf_to_crops done
[make_crop_data_batch()] render done
[make_crop_data_batch()] warp done
[make_crop_data_batch()] pose batch data done
[predict()] forward start
[predict()] forward done
[predict()] making cropped data
[make_crop_data_batch()] Welcome make_crop_data_batch
[make_crop_data_batch()] make tf_to_crops done
[make_crop_data_batch()] render done
[make_crop_data_batch()] warp done
[make_crop_data_batch()] pose batch data done
[predict()] forward start
[predict()] forward done
[predict()] making cropped data
[make_crop_data_batch()] Welcome make_crop_data_batch
[make_crop_data_batch()] make tf_to_crops done
[make_crop_data_batch()] render done
[make_crop_data_batch()] warp done
[make_crop_data_batch()] pose batch data done
[predict()] forward start
[predict()] forward done
[predict()] making cropped data
[make_crop_data_batch()] Welcome make_crop_data_batch
[make_crop_data_batch()] make tf_to_crops done
[make_crop_data_batch()] render done
[make_crop_data_batch()] warp done
[make_crop_data_batch()] pose batch data done
[predict()] forward start
[predict()] forward done
[predict()] making cropped data
[make_crop_data_batch()] Welcome make_crop_data_batch
[make_crop_data_batch()] make tf_to_crops done
[make_crop_data_batch()] render done
[make_crop_data_batch()] warp done
[make_crop_data_batch()] pose batch data done
[predict()] forward start
[predict()] forward done
[track_one()] pose done
[track_one()] Welcome
[track_one()] depth processing done
[predict()] ob_in_cams:(1, 4, 4)
[predict()] self.cfg.use_normal:False
[predict()] trans_normalizer:[0.019999999552965164, 0.019999999552965164, 0.05000000074505806], rot_normalizer:0.3490658503988659
[predict()] making cropped data
[make_crop_data_batch()] Welcome make_crop_data_batch
[make_crop_data_batch()] make tf_to_crops done
[make_crop_data_batch()] render done
[make_crop_data_batch()] warp done
[make_crop_data_batch()] pose batch data done
[predict()] forward start
[predict()] forward done
[predict()] making cropped data
[make_crop_data_batch()] Welcome make_crop_data_batch
[make_crop_data_batch()] make tf_to_crops done
[make_crop_data_batch()] render done
[make_crop_data_batch()] warp done
[make_crop_data_batch()] pose batch data done
[predict()] forward start
[predict()] forward done
[predict()] making cropped data
[make_crop_data_batch()] Welcome make_crop_data_batch
[make_crop_data_batch()] make tf_to_crops done
[make_crop_data_batch()] render done
[make_crop_data_batch()] warp done
[make_crop_data_batch()] pose batch data done
[predict()] forward start
[predict()] forward done
[predict()] making cropped data
[make_crop_data_batch()] Welcome make_crop_data_batch
[make_crop_data_batch()] make tf_to_crops done
[make_crop_data_batch()] render done
[make_crop_data_batch()] warp done
[make_crop_data_batch()] pose batch data done
[predict()] forward start
[predict()] forward done
[predict()] making cropped data
[make_crop_data_batch()] Welcome make_crop_data_batch
[make_crop_data_batch()] make tf_to_crops done
[make_crop_data_batch()] render done
[make_crop_data_batch()] warp done
[make_crop_data_batch()] pose batch data done
[predict()] forward start
[predict()] forward done
[track_one()] pose done
[track_one()] Welcome
[track_one()] depth processing done
[predict()] ob_in_cams:(1, 4, 4)
[predict()] self.cfg.use_normal:False
[predict()] trans_normalizer:[0.019999999552965164, 0.019999999552965164, 0.05000000074505806], rot_normalizer:0.3490658503988659
[predict()] making cropped data
[make_crop_data_batch()] Welcome make_crop_data_batch
[make_crop_data_batch()] make tf_to_crops done
[make_crop_data_batch()] render done
[make_crop_data_batch()] warp done
[make_crop_data_batch()] pose batch data done
[predict()] forward start
[predict()] forward done
[predict()] making cropped data
[make_crop_data_batch()] Welcome make_crop_data_batch
[make_crop_data_batch()] make tf_to_crops done
[make_crop_data_batch()] render done
[make_crop_data_batch()] warp done
[make_crop_data_batch()] pose batch data done
[predict()] forward start
[predict()] forward done
[predict()] making cropped data
[make_crop_data_batch()] Welcome make_crop_data_batch
[make_crop_data_batch()] make tf_to_crops done
[make_crop_data_batch()] render done
[make_crop_data_batch()] warp done
[make_crop_data_batch()] pose batch data done
[predict()] forward start
[predict()] forward done
[predict()] making cropped data
[make_crop_data_batch()] Welcome make_crop_data_batch
[make_crop_data_batch()] make tf_to_crops done
[make_crop_data_batch()] render done
[make_crop_data_batch()] warp done
[make_crop_data_batch()] pose batch data done
[predict()] forward start
[predict()] forward done
[predict()] making cropped data
[make_crop_data_batch()] Welcome make_crop_data_batch
[make_crop_data_batch()] make tf_to_crops done
[make_crop_data_batch()] render done
[make_crop_data_batch()] warp done
[make_crop_data_batch()] pose batch data done
[predict()] forward start
[predict()] forward done
[track_one()] pose done
[track_one()] Welcome
[track_one()] depth processing done
[predict()] ob_in_cams:(1, 4, 4)
[predict()] self.cfg.use_normal:False
[predict()] trans_normalizer:[0.019999999552965164, 0.019999999552965164, 0.05000000074505806], rot_normalizer:0.3490658503988659
[predict()] making cropped data
[make_crop_data_batch()] Welcome make_crop_data_batch
[make_crop_data_batch()] make tf_to_crops done
[make_crop_data_batch()] render done
[make_crop_data_batch()] warp done
[make_crop_data_batch()] pose batch data done
[predict()] forward start
[predict()] forward done
[predict()] making cropped data
[make_crop_data_batch()] Welcome make_crop_data_batch
[make_crop_data_batch()] make tf_to_crops done
[make_crop_data_batch()] render done
[make_crop_data_batch()] warp done
[make_crop_data_batch()] pose batch data done
[predict()] forward start
[predict()] forward done
[predict()] making cropped data
[make_crop_data_batch()] Welcome make_crop_data_batch
[make_crop_data_batch()] make tf_to_crops done
[make_crop_data_batch()] render done
[make_crop_data_batch()] warp done
[make_crop_data_batch()] pose batch data done
[predict()] forward start
[predict()] forward done
[predict()] making cropped data
[make_crop_data_batch()] Welcome make_crop_data_batch
[make_crop_data_batch()] make tf_to_crops done
[make_crop_data_batch()] render done
[make_crop_data_batch()] warp done
[make_crop_data_batch()] pose batch data done
[predict()] forward start
[predict()] forward done
[predict()] making cropped data
[make_crop_data_batch()] Welcome make_crop_data_batch
[make_crop_data_batch()] make tf_to_crops done
[make_crop_data_batch()] render done
[make_crop_data_batch()] warp done
[make_crop_data_batch()] pose batch data done
[predict()] forward start
[predict()] forward done
[track_one()] pose done
[track_one()] Welcome
[track_one()] depth processing done
[predict()] ob_in_cams:(1, 4, 4)
[predict()] self.cfg.use_normal:False
[predict()] trans_normalizer:[0.019999999552965164, 0.019999999552965164, 0.05000000074505806], rot_normalizer:0.3490658503988659
[predict()] making cropped data
[make_crop_data_batch()] Welcome make_crop_data_batch
[make_crop_data_batch()] make tf_to_crops done
[make_crop_data_batch()] render done
[make_crop_data_batch()] warp done
[make_crop_data_batch()] pose batch data done
[predict()] forward start
[predict()] forward done
[predict()] making cropped data
[make_crop_data_batch()] Welcome make_crop_data_batch
[make_crop_data_batch()] make tf_to_crops done
[make_crop_data_batch()] render done
[make_crop_data_batch()] warp done
[make_crop_data_batch()] pose batch data done
[predict()] forward start
[predict()] forward done
[predict()] making cropped data
[make_crop_data_batch()] Welcome make_crop_data_batch
[make_crop_data_batch()] make tf_to_crops done
[make_crop_data_batch()] render done
[make_crop_data_batch()] warp done
[make_crop_data_batch()] pose batch data done
[predict()] forward start
[predict()] forward done
[predict()] making cropped data
[make_crop_data_batch()] Welcome make_crop_data_batch
[make_crop_data_batch()] make tf_to_crops done
[make_crop_data_batch()] render done
[make_crop_data_batch()] warp done
[make_crop_data_batch()] pose batch data done
[predict()] forward start
[predict()] forward done
[predict()] making cropped data
[make_crop_data_batch()] Welcome make_crop_data_batch
[make_crop_data_batch()] make tf_to_crops done
[make_crop_data_batch()] render done
[make_crop_data_batch()] warp done
[make_crop_data_batch()] pose batch data done
[predict()] forward start
[predict()] forward done
[track_one()] pose done
[track_one()] Welcome
[track_one()] depth processing done
[predict()] ob_in_cams:(1, 4, 4)
[predict()] self.cfg.use_normal:False
[predict()] trans_normalizer:[0.019999999552965164, 0.019999999552965164, 0.05000000074505806], rot_normalizer:0.3490658503988659
[predict()] making cropped data
[make_crop_data_batch()] Welcome make_crop_data_batch
[make_crop_data_batch()] make tf_to_crops done
[make_crop_data_batch()] render done
[make_crop_data_batch()] warp done
[make_crop_data_batch()] pose batch data done
[predict()] forward start
[predict()] forward done
[predict()] making cropped data
[make_crop_data_batch()] Welcome make_crop_data_batch
[make_crop_data_batch()] make tf_to_crops done
[make_crop_data_batch()] render done
[make_crop_data_batch()] warp done
[make_crop_data_batch()] pose batch data done
[predict()] forward start
[predict()] forward done
[predict()] making cropped data
[make_crop_data_batch()] Welcome make_crop_data_batch
[make_crop_data_batch()] make tf_to_crops done
[make_crop_data_batch()] render done
[make_crop_data_batch()] warp done
[make_crop_data_batch()] pose batch data done
[predict()] forward start
[predict()] forward done
[predict()] making cropped data
[make_crop_data_batch()] Welcome make_crop_data_batch
[make_crop_data_batch()] make tf_to_crops done
[make_crop_data_batch()] render done
[make_crop_data_batch()] warp done
[make_crop_data_batch()] pose batch data done
[predict()] forward start
[predict()] forward done
[predict()] making cropped data
[make_crop_data_batch()] Welcome make_crop_data_batch
[make_crop_data_batch()] make tf_to_crops done
[make_crop_data_batch()] render done
[make_crop_data_batch()] warp done
[make_crop_data_batch()] pose batch data done
[predict()] forward start
[predict()] forward done
[track_one()] pose done
[track_one()] Welcome
[track_one()] depth processing done
[predict()] ob_in_cams:(1, 4, 4)
[predict()] self.cfg.use_normal:False
[predict()] trans_normalizer:[0.019999999552965164, 0.019999999552965164, 0.05000000074505806], rot_normalizer:0.3490658503988659
[predict()] making cropped data
[make_crop_data_batch()] Welcome make_crop_data_batch
[make_crop_data_batch()] make tf_to_crops done
[make_crop_data_batch()] render done
[make_crop_data_batch()] warp done
[make_crop_data_batch()] pose batch data done
[predict()] forward start
[predict()] forward done
[predict()] making cropped data
[make_crop_data_batch()] Welcome make_crop_data_batch
[make_crop_data_batch()] make tf_to_crops done
[make_crop_data_batch()] render done
[make_crop_data_batch()] warp done
[make_crop_data_batch()] pose batch data done
[predict()] forward start
[predict()] forward done
[predict()] making cropped data
[make_crop_data_batch()] Welcome make_crop_data_batch
[make_crop_data_batch()] make tf_to_crops done
[make_crop_data_batch()] render done
[make_crop_data_batch()] warp done
[make_crop_data_batch()] pose batch data done
[predict()] forward start
[predict()] forward done
[predict()] making cropped data
[make_crop_data_batch()] Welcome make_crop_data_batch
[make_crop_data_batch()] make tf_to_crops done
[make_crop_data_batch()] render done
[make_crop_data_batch()] warp done
[make_crop_data_batch()] pose batch data done
[predict()] forward start
[predict()] forward done
[predict()] making cropped data
[make_crop_data_batch()] Welcome make_crop_data_batch
[make_crop_data_batch()] make tf_to_crops done
[make_crop_data_batch()] render done
[make_crop_data_batch()] warp done
[make_crop_data_batch()] pose batch data done
[predict()] forward start
[predict()] forward done
[track_one()] pose done
[track_one()] Welcome
[track_one()] depth processing done
[predict()] ob_in_cams:(1, 4, 4)
[predict()] self.cfg.use_normal:False
[predict()] trans_normalizer:[0.019999999552965164, 0.019999999552965164, 0.05000000074505806], rot_normalizer:0.3490658503988659
[predict()] making cropped data
[make_crop_data_batch()] Welcome make_crop_data_batch
[make_crop_data_batch()] make tf_to_crops done
[make_crop_data_batch()] render done
[make_crop_data_batch()] warp done
[make_crop_data_batch()] pose batch data done
[predict()] forward start
[predict()] forward done
[predict()] making cropped data
[make_crop_data_batch()] Welcome make_crop_data_batch
[make_crop_data_batch()] make tf_to_crops done
[make_crop_data_batch()] render done
[make_crop_data_batch()] warp done
[make_crop_data_batch()] pose batch data done
[predict()] forward start
[predict()] forward done
[predict()] making cropped data
[make_crop_data_batch()] Welcome make_crop_data_batch
[make_crop_data_batch()] make tf_to_crops done
[make_crop_data_batch()] render done
[make_crop_data_batch()] warp done
[make_crop_data_batch()] pose batch data done
[predict()] forward start
[predict()] forward done
[predict()] making cropped data
[make_crop_data_batch()] Welcome make_crop_data_batch
[make_crop_data_batch()] make tf_to_crops done
[make_crop_data_batch()] render done
[make_crop_data_batch()] warp done
[make_crop_data_batch()] pose batch data done
[predict()] forward start
[predict()] forward done
[predict()] making cropped data
[make_crop_data_batch()] Welcome make_crop_data_batch
[make_crop_data_batch()] make tf_to_crops done
[make_crop_data_batch()] render done
[make_crop_data_batch()] warp done
[make_crop_data_batch()] pose batch data done
[predict()] forward start
[predict()] forward done
[track_one()] pose done
[done] saved /home/ngoncharov/cvpr2026/ReLiFT-6DoF/baselines_real/results_fp/gt/box_motion_prod.npy  (20 frames)
[run]  gt / jug_motion_prod  mesh=/home/ngoncharov/cvpr2026/FoundationPose/bundlesdf/output_lift_prod/jug_ref_prod/model.obj
[reset_object()] self.diameter:0.16425916635802248, vox_size:0.008212958317901125
[reset_object()] self.pts:torch.Size([1271, 3])
[reset_object()] reset done
[register()] Welcome
[register()] poses:(252, 4, 4)
[register()] after viewpoint, add_errs min:-1.0
[predict()] ob_in_cams:(252, 4, 4)
[predict()] self.cfg.use_normal:False
[predict()] trans_normalizer:[0.019999999552965164, 0.019999999552965164, 0.05000000074505806], rot_normalizer:0.3490658503988659
[predict()] making cropped data
[make_crop_data_batch()] Welcome make_crop_data_batch
[make_crop_data_batch()] make tf_to_crops done
[make_crop_data_batch()] render done
[make_crop_data_batch()] warp done
[make_crop_data_batch()] pose batch data done
[predict()] forward start
[predict()] forward done
[predict()] making cropped data
[make_crop_data_batch()] Welcome make_crop_data_batch
[make_crop_data_batch()] make tf_to_crops done
[make_crop_data_batch()] render done
[make_crop_data_batch()] warp done
[make_crop_data_batch()] pose batch data done
[predict()] forward start
[predict()] forward done
[predict()] making cropped data
[make_crop_data_batch()] Welcome make_crop_data_batch
[make_crop_data_batch()] make tf_to_crops done
[make_crop_data_batch()] render done
[make_crop_data_batch()] warp done
[make_crop_data_batch()] pose batch data done
[predict()] forward start
[predict()] forward done
[predict()] making cropped data
[make_crop_data_batch()] Welcome make_crop_data_batch
[make_crop_data_batch()] make tf_to_crops done
[make_crop_data_batch()] render done
[make_crop_data_batch()] warp done
[make_crop_data_batch()] pose batch data done
[predict()] forward start
[predict()] forward done
[predict()] making cropped data
[make_crop_data_batch()] Welcome make_crop_data_batch
[make_crop_data_batch()] make tf_to_crops done
[make_crop_data_batch()] render done
[make_crop_data_batch()] warp done
[make_crop_data_batch()] pose batch data done
[predict()] forward start
[predict()] forward done
[predict()] ob_in_cams:(252, 4, 4)
[predict()] self.cfg.use_normal:False
[predict()] making cropped data
[make_crop_data_batch()] Welcome make_crop_data_batch
[make_crop_data_batch()] make tf_to_crops done
[make_crop_data_batch()] render done
[make_crop_data_batch()] pose batch data done
[find_best_among_pairs()] pose_data.rgbAs.shape[0]: 252
[predict()] forward done
[register()] final, add_errs min:-1.0
[register()] sort ids:tensor([  6, 162,  48, 132, 144,  42, 145, 168, 192,  49,  54,  72, 102, 156,
        163, 150,  65, 210,  12, 204, 205, 246,  66,  60,  93,  27,  81, 183,
        225, 228,   3,  18,  57, 123, 153, 171, 147, 161, 177, 117, 189, 203,
        120, 126, 174, 195, 201, 231, 243,   0,   9,  21,  61, 105, 115, 186,
        216, 221, 249,  69,  99, 114, 198,  15,  40,  96, 118, 159, 242,  24,
         28,  33,  39,  90,  94, 180, 222,  87, 185, 190, 237,  37,  43,  51,
         78, 108, 135,  55,  64,  75,  83,  88, 103, 207, 235,  13,  22,  36,
         41,  63, 124, 129, 139, 178, 179, 191, 236, 241,   2,  26,  29,  31,
         38,  47,  74,  84, 151, 170, 215, 240,  30,  82, 116, 142,   1,  16,
         35,  50,  70,  73, 101, 113, 121, 122, 158, 164, 212,  97, 107, 130,
        131, 157, 213,  44,  67,  79, 140, 217,  45,  89, 104, 125, 128, 134,
        141, 154, 160, 165, 219, 232, 239,  17,  52,  53,  76, 111, 143, 202,
        214, 234,   7,  14,  20,  58,  77,  80,  85, 136, 149, 166, 173, 200,
        209, 220,   4,  19,  32, 106, 109, 137, 152, 208, 218, 224,  10,  86,
         95, 148, 167, 176, 211, 227, 229, 244,   8,  11,  46,  62,  91,  98,
        138, 172, 223, 230, 233,  34,  71, 100, 133, 187, 188, 245, 119, 127,
         25, 110, 112, 184, 247,  59, 196, 206, 146, 199, 238,   5,  92, 169,
        181, 182, 250, 175, 194, 197,  56, 226,  23,  68, 155, 248, 251, 193])
[register()] sorted scores:tensor([127.0000, 127.0000, 126.9844, 126.9688, 126.9688, 126.9531, 126.9531,
        126.9531, 126.9531, 126.9375, 126.9375, 126.9375, 126.9375, 126.8906,
        126.8906, 126.8281, 126.7656, 126.7656, 126.7500, 126.7500, 126.7500,
        126.7500, 126.7344, 126.7188, 126.7188, 126.7031, 126.7031, 126.7031,
        126.7031, 126.7031, 126.6719, 126.6719, 126.6719, 126.6719, 126.6719,
        126.6719, 126.6406, 126.6406, 126.6406, 126.6250, 126.6250, 126.6250,
        126.6094, 126.6094, 126.6094, 126.6094, 126.6094, 126.6094, 126.6094,
        126.5938, 126.5938, 126.5938, 126.5938, 126.5938, 126.5938, 126.5938,
        126.5938, 126.5938, 126.5938, 126.5781, 126.5781, 126.5781, 126.5781,
        126.5625, 126.5625, 126.5625, 126.5625, 126.5625, 126.5625, 126.5469,
        126.5469, 126.5469, 126.5469, 126.5469, 126.5469, 126.5469, 126.5469,
        126.5312, 126.5312, 126.5312, 126.5312, 126.5156, 126.5156, 126.5156,
        126.5156, 126.5156, 126.5156, 126.5000, 126.5000, 126.5000, 126.5000,
        126.5000, 126.5000, 126.5000, 126.5000, 126.4844, 126.4844, 126.4844,
        126.4844, 126.4844, 126.4844, 126.4844, 126.4844, 126.4844, 126.4844,
        126.4844, 126.4844, 126.4844, 126.4688, 126.4688, 126.4688, 126.4688,
        126.4688, 126.4688, 126.4688, 126.4688, 126.4688, 126.4688, 126.4688,
        126.4688, 126.4531, 126.4531, 126.4531, 126.4531, 126.4375, 126.4375,
        126.4375, 126.4375, 126.4375, 126.4375, 126.4375, 126.4375, 126.4375,
        126.4375, 126.4375, 126.4375, 126.4375, 126.4219, 126.4219, 126.4219,
        126.4219, 126.4219, 126.4219, 126.4062, 126.4062, 126.4062, 126.4062,
        126.4062, 126.3906, 126.3906, 126.3906, 126.3906, 126.3906, 126.3906,
        126.3906, 126.3906, 126.3906, 126.3906, 126.3906, 126.3906, 126.3906,
        126.3750, 126.3750, 126.3750, 126.3750, 126.3750, 126.3750, 126.3750,
        126.3750, 126.3750, 126.3594, 126.3594, 126.3594, 126.3594, 126.3594,
        126.3594, 126.3594, 126.3594, 126.3594, 126.3594, 126.3594, 126.3594,
        126.3594, 126.3594, 126.3438, 126.3438, 126.3438, 126.3438, 126.3438,
        126.3438, 126.3438, 126.3438, 126.3438, 126.3438, 126.3281, 126.3281,
        126.3281, 126.3281, 126.3281, 126.3281, 126.3281, 126.3281, 126.3281,
        126.3281, 126.3125, 126.3125, 126.3125, 126.3125, 126.3125, 126.3125,
        126.3125, 126.3125, 126.3125, 126.3125, 126.3125, 126.2969, 126.2969,
        126.2969, 126.2969, 126.2969, 126.2969, 126.2969, 126.2812, 126.2812,
        126.2656, 126.2656, 126.2656, 126.2656, 126.2656, 126.2500, 126.2500,
        126.2500, 126.2344, 126.2344, 126.2344, 126.2188, 126.2188, 126.2188,
        126.2188, 126.2188, 126.2188, 126.2031, 126.2031, 126.1875, 126.1719,
        126.1719, 126.1562, 126.1562, 126.1562, 126.1562, 126.1562, 126.1094])
[track_one()] Welcome
[track_one()] depth processing done
[predict()] ob_in_cams:(1, 4, 4)
[predict()] self.cfg.use_normal:False
[predict()] trans_normalizer:[0.019999999552965164, 0.019999999552965164, 0.05000000074505806], rot_normalizer:0.3490658503988659
[predict()] making cropped data
[make_crop_data_batch()] Welcome make_crop_data_batch
[make_crop_data_batch()] make tf_to_crops done
[make_crop_data_batch()] render done
[make_crop_data_batch()] warp done
[make_crop_data_batch()] pose batch data done
[predict()] forward start
[predict()] forward done
[predict()] making cropped data
[make_crop_data_batch()] Welcome make_crop_data_batch
[make_crop_data_batch()] make tf_to_crops done
[make_crop_data_batch()] render done
[make_crop_data_batch()] warp done
[make_crop_data_batch()] pose batch data done
[predict()] forward start
[predict()] forward done
[predict()] making cropped data
[make_crop_data_batch()] Welcome make_crop_data_batch
[make_crop_data_batch()] make tf_to_crops done
[make_crop_data_batch()] render done
[make_crop_data_batch()] warp done
[make_crop_data_batch()] pose batch data done
[predict()] forward start
[predict()] forward done
[predict()] making cropped data
[make_crop_data_batch()] Welcome make_crop_data_batch
[make_crop_data_batch()] make tf_to_crops done
[make_crop_data_batch()] render done
[make_crop_data_batch()] warp done
[make_crop_data_batch()] pose batch data done
[predict()] forward start
[predict()] forward done
[predict()] making cropped data
[make_crop_data_batch()] Welcome make_crop_data_batch
[make_crop_data_batch()] make tf_to_crops done
[make_crop_data_batch()] render done
[make_crop_data_batch()] warp done
[make_crop_data_batch()] pose batch data done
[predict()] forward start
[predict()] forward done
[track_one()] pose done
[track_one()] Welcome
[track_one()] depth processing done
[predict()] ob_in_cams:(1, 4, 4)
[predict()] self.cfg.use_normal:False
[predict()] trans_normalizer:[0.019999999552965164, 0.019999999552965164, 0.05000000074505806], rot_normalizer:0.3490658503988659
[predict()] making cropped data
[make_crop_data_batch()] Welcome make_crop_data_batch
[make_crop_data_batch()] make tf_to_crops done
[make_crop_data_batch()] render done
[make_crop_data_batch()] warp done
[make_crop_data_batch()] pose batch data done
[predict()] forward start
[predict()] forward done
[predict()] making cropped data
[make_crop_data_batch()] Welcome make_crop_data_batch
[make_crop_data_batch()] make tf_to_crops done
[make_crop_data_batch()] render done
[make_crop_data_batch()] warp done
[make_crop_data_batch()] pose batch data done
[predict()] forward start
[predict()] forward done
[predict()] making cropped data
[make_crop_data_batch()] Welcome make_crop_data_batch
[make_crop_data_batch()] make tf_to_crops done
[make_crop_data_batch()] render done
[make_crop_data_batch()] warp done
[make_crop_data_batch()] pose batch data done
[predict()] forward start
[predict()] forward done
[predict()] making cropped data
[make_crop_data_batch()] Welcome make_crop_data_batch
[make_crop_data_batch()] make tf_to_crops done
[make_crop_data_batch()] render done
[make_crop_data_batch()] warp done
[make_crop_data_batch()] pose batch data done
[predict()] forward start
[predict()] forward done
[predict()] making cropped data
[make_crop_data_batch()] Welcome make_crop_data_batch
[make_crop_data_batch()] make tf_to_crops done
[make_crop_data_batch()] render done
[make_crop_data_batch()] warp done
[make_crop_data_batch()] pose batch data done
[predict()] forward start
[predict()] forward done
[track_one()] pose done
[track_one()] Welcome
[track_one()] depth processing done
[predict()] ob_in_cams:(1, 4, 4)
[predict()] self.cfg.use_normal:False
[predict()] trans_normalizer:[0.019999999552965164, 0.019999999552965164, 0.05000000074505806], rot_normalizer:0.3490658503988659
[predict()] making cropped data
[make_crop_data_batch()] Welcome make_crop_data_batch
[make_crop_data_batch()] make tf_to_crops done
[make_crop_data_batch()] render done
[make_crop_data_batch()] warp done
[make_crop_data_batch()] pose batch data done
[predict()] forward start
[predict()] forward done
[predict()] making cropped data
[make_crop_data_batch()] Welcome make_crop_data_batch
[make_crop_data_batch()] make tf_to_crops done
[make_crop_data_batch()] render done
[make_crop_data_batch()] warp done
[make_crop_data_batch()] pose batch data done
[predict()] forward start
[predict()] forward done
[predict()] making cropped data
[make_crop_data_batch()] Welcome make_crop_data_batch
[make_crop_data_batch()] make tf_to_crops done
[make_crop_data_batch()] render done
[make_crop_data_batch()] warp done
[make_crop_data_batch()] pose batch data done
[predict()] forward start
[predict()] forward done
[predict()] making cropped data
[make_crop_data_batch()] Welcome make_crop_data_batch
[make_crop_data_batch()] make tf_to_crops done
[make_crop_data_batch()] render done
[make_crop_data_batch()] warp done
[make_crop_data_batch()] pose batch data done
[predict()] forward start
[predict()] forward done
[predict()] making cropped data
[make_crop_data_batch()] Welcome make_crop_data_batch
[make_crop_data_batch()] make tf_to_crops done
[make_crop_data_batch()] render done
[make_crop_data_batch()] warp done
[make_crop_data_batch()] pose batch data done
[predict()] forward start
[predict()] forward done
[track_one()] pose done
[track_one()] Welcome
[track_one()] depth processing done
[predict()] ob_in_cams:(1, 4, 4)
[predict()] self.cfg.use_normal:False
[predict()] trans_normalizer:[0.019999999552965164, 0.019999999552965164, 0.05000000074505806], rot_normalizer:0.3490658503988659
[predict()] making cropped data
[make_crop_data_batch()] Welcome make_crop_data_batch
[make_crop_data_batch()] make tf_to_crops done
[make_crop_data_batch()] render done
[make_crop_data_batch()] warp done
[make_crop_data_batch()] pose batch data done
[predict()] forward start
[predict()] forward done
[predict()] making cropped data
[make_crop_data_batch()] Welcome make_crop_data_batch
[make_crop_data_batch()] make tf_to_crops done
[make_crop_data_batch()] render done
[make_crop_data_batch()] warp done
[make_crop_data_batch()] pose batch data done
[predict()] forward start
[predict()] forward done
[predict()] making cropped data
[make_crop_data_batch()] Welcome make_crop_data_batch
[make_crop_data_batch()] make tf_to_crops done
[make_crop_data_batch()] render done
[make_crop_data_batch()] warp done
[make_crop_data_batch()] pose batch data done
[predict()] forward start
[predict()] forward done
[predict()] making cropped data
[make_crop_data_batch()] Welcome make_crop_data_batch
[make_crop_data_batch()] make tf_to_crops done
[make_crop_data_batch()] render done
[make_crop_data_batch()] warp done
[make_crop_data_batch()] pose batch data done
[predict()] forward start
[predict()] forward done
[predict()] making cropped data
[make_crop_data_batch()] Welcome make_crop_data_batch
[make_crop_data_batch()] make tf_to_crops done
[make_crop_data_batch()] render done
[make_crop_data_batch()] warp done
[make_crop_data_batch()] pose batch data done
[predict()] forward start
[predict()] forward done
[track_one()] pose done
[track_one()] Welcome
[track_one()] depth processing done
[predict()] ob_in_cams:(1, 4, 4)
[predict()] self.cfg.use_normal:False
[predict()] trans_normalizer:[0.019999999552965164, 0.019999999552965164, 0.05000000074505806], rot_normalizer:0.3490658503988659
[predict()] making cropped data
[make_crop_data_batch()] Welcome make_crop_data_batch
[make_crop_data_batch()] make tf_to_crops done
[make_crop_data_batch()] render done
[make_crop_data_batch()] warp done
[make_crop_data_batch()] pose batch data done
[predict()] forward start
[predict()] forward done
[predict()] making cropped data
[make_crop_data_batch()] Welcome make_crop_data_batch
[make_crop_data_batch()] make tf_to_crops done
[make_crop_data_batch()] render done
[make_crop_data_batch()] warp done
[make_crop_data_batch()] pose batch data done
[predict()] forward start
[predict()] forward done
[predict()] making cropped data
[make_crop_data_batch()] Welcome make_crop_data_batch
[make_crop_data_batch()] make tf_to_crops done
[make_crop_data_batch()] render done
[make_crop_data_batch()] warp done
[make_crop_data_batch()] pose batch data done
[predict()] forward start
[predict()] forward done
[predict()] making cropped data
[make_crop_data_batch()] Welcome make_crop_data_batch
[make_crop_data_batch()] make tf_to_crops done
[make_crop_data_batch()] render done
[make_crop_data_batch()] warp done
[make_crop_data_batch()] pose batch data done
[predict()] forward start
[predict()] forward done
[predict()] making cropped data
[make_crop_data_batch()] Welcome make_crop_data_batch
[make_crop_data_batch()] make tf_to_crops done
[make_crop_data_batch()] render done
[make_crop_data_batch()] warp done
[make_crop_data_batch()] pose batch data done
[predict()] forward start
[predict()] forward done
[track_one()] pose done
[track_one()] Welcome
[track_one()] depth processing done
[predict()] ob_in_cams:(1, 4, 4)
[predict()] self.cfg.use_normal:False
[predict()] trans_normalizer:[0.019999999552965164, 0.019999999552965164, 0.05000000074505806], rot_normalizer:0.3490658503988659
[predict()] making cropped data
[make_crop_data_batch()] Welcome make_crop_data_batch
[make_crop_data_batch()] make tf_to_crops done
[make_crop_data_batch()] render done
[make_crop_data_batch()] warp done
[make_crop_data_batch()] pose batch data done
[predict()] forward start
[predict()] forward done
[predict()] making cropped data
[make_crop_data_batch()] Welcome make_crop_data_batch
[make_crop_data_batch()] make tf_to_crops done
[make_crop_data_batch()] render done
[make_crop_data_batch()] warp done
[make_crop_data_batch()] pose batch data done
[predict()] forward start
[predict()] forward done
[predict()] making cropped data
[make_crop_data_batch()] Welcome make_crop_data_batch
[make_crop_data_batch()] make tf_to_crops done
[make_crop_data_batch()] render done
[make_crop_data_batch()] warp done
[make_crop_data_batch()] pose batch data done
[predict()] forward start
[predict()] forward done
[predict()] making cropped data
[make_crop_data_batch()] Welcome make_crop_data_batch
[make_crop_data_batch()] make tf_to_crops done
[make_crop_data_batch()] render done
[make_crop_data_batch()] warp done
[make_crop_data_batch()] pose batch data done
[predict()] forward start
[predict()] forward done
[predict()] making cropped data
[make_crop_data_batch()] Welcome make_crop_data_batch
[make_crop_data_batch()] make tf_to_crops done
[make_crop_data_batch()] render done
[make_crop_data_batch()] warp done
[make_crop_data_batch()] pose batch data done
[predict()] forward start
[predict()] forward done
[track_one()] pose done
[track_one()] Welcome
[track_one()] depth processing done
[predict()] ob_in_cams:(1, 4, 4)
[predict()] self.cfg.use_normal:False
[predict()] trans_normalizer:[0.019999999552965164, 0.019999999552965164, 0.05000000074505806], rot_normalizer:0.3490658503988659
[predict()] making cropped data
[make_crop_data_batch()] Welcome make_crop_data_batch
[make_crop_data_batch()] make tf_to_crops done
[make_crop_data_batch()] render done
[make_crop_data_batch()] warp done
[make_crop_data_batch()] pose batch data done
[predict()] forward start
[predict()] forward done
[predict()] making cropped data
[make_crop_data_batch()] Welcome make_crop_data_batch
[make_crop_data_batch()] make tf_to_crops done
[make_crop_data_batch()] render done
[make_crop_data_batch()] warp done
[make_crop_data_batch()] pose batch data done
[predict()] forward start
[predict()] forward done
[predict()] making cropped data
[make_crop_data_batch()] Welcome make_crop_data_batch
[make_crop_data_batch()] make tf_to_crops done
[make_crop_data_batch()] render done
[make_crop_data_batch()] warp done
[make_crop_data_batch()] pose batch data done
[predict()] forward start
[predict()] forward done
[predict()] making cropped data
[make_crop_data_batch()] Welcome make_crop_data_batch
[make_crop_data_batch()] make tf_to_crops done
[make_crop_data_batch()] render done
[make_crop_data_batch()] warp done
[make_crop_data_batch()] pose batch data done
[predict()] forward start
[predict()] forward done
[predict()] making cropped data
[make_crop_data_batch()] Welcome make_crop_data_batch
[make_crop_data_batch()] make tf_to_crops done
[make_crop_data_batch()] render done
[make_crop_data_batch()] warp done
[make_crop_data_batch()] pose batch data done
[predict()] forward start
[predict()] forward done
[track_one()] pose done
[track_one()] Welcome
[track_one()] depth processing done
[predict()] ob_in_cams:(1, 4, 4)
[predict()] self.cfg.use_normal:False
[predict()] trans_normalizer:[0.019999999552965164, 0.019999999552965164, 0.05000000074505806], rot_normalizer:0.3490658503988659
[predict()] making cropped data
[make_crop_data_batch()] Welcome make_crop_data_batch
[make_crop_data_batch()] make tf_to_crops done
[make_crop_data_batch()] render done
[make_crop_data_batch()] warp done
[make_crop_data_batch()] pose batch data done
[predict()] forward start
[predict()] forward done
[predict()] making cropped data
[make_crop_data_batch()] Welcome make_crop_data_batch
[make_crop_data_batch()] make tf_to_crops done
[make_crop_data_batch()] render done
[make_crop_data_batch()] warp done
[make_crop_data_batch()] pose batch data done
[predict()] forward start
[predict()] forward done
[predict()] making cropped data
[make_crop_data_batch()] Welcome make_crop_data_batch
[make_crop_data_batch()] make tf_to_crops done
[make_crop_data_batch()] render done
[make_crop_data_batch()] warp done
[make_crop_data_batch()] pose batch data done
[predict()] forward start
[predict()] forward done
[predict()] making cropped data
[make_crop_data_batch()] Welcome make_crop_data_batch
[make_crop_data_batch()] make tf_to_crops done
[make_crop_data_batch()] render done
[make_crop_data_batch()] warp done
[make_crop_data_batch()] pose batch data done
[predict()] forward start
[predict()] forward done
[predict()] making cropped data
[make_crop_data_batch()] Welcome make_crop_data_batch
[make_crop_data_batch()] make tf_to_crops done
[make_crop_data_batch()] render done
[make_crop_data_batch()] warp done
[make_crop_data_batch()] pose batch data done
[predict()] forward start
[predict()] forward done
[track_one()] pose done
[track_one()] Welcome
[track_one()] depth processing done
[predict()] ob_in_cams:(1, 4, 4)
[predict()] self.cfg.use_normal:False
[predict()] trans_normalizer:[0.019999999552965164, 0.019999999552965164, 0.05000000074505806], rot_normalizer:0.3490658503988659
[predict()] making cropped data
[make_crop_data_batch()] Welcome make_crop_data_batch
[make_crop_data_batch()] make tf_to_crops done
[make_crop_data_batch()] render done
[make_crop_data_batch()] warp done
[make_crop_data_batch()] pose batch data done
[predict()] forward start
[predict()] forward done
[predict()] making cropped data
[make_crop_data_batch()] Welcome make_crop_data_batch
[make_crop_data_batch()] make tf_to_crops done
[make_crop_data_batch()] render done
[make_crop_data_batch()] warp done
[make_crop_data_batch()] pose batch data done
[predict()] forward start
[predict()] forward done
[predict()] making cropped data
[make_crop_data_batch()] Welcome make_crop_data_batch
[make_crop_data_batch()] make tf_to_crops done
[make_crop_data_batch()] render done
[make_crop_data_batch()] warp done
[make_crop_data_batch()] pose batch data done
[predict()] forward start
[predict()] forward done
[predict()] making cropped data
[make_crop_data_batch()] Welcome make_crop_data_batch
[make_crop_data_batch()] make tf_to_crops done
[make_crop_data_batch()] render done
[make_crop_data_batch()] warp done
[make_crop_data_batch()] pose batch data done
[predict()] forward start
[predict()] forward done
[predict()] making cropped data
[make_crop_data_batch()] Welcome make_crop_data_batch
[make_crop_data_batch()] make tf_to_crops done
[make_crop_data_batch()] render done
[make_crop_data_batch()] warp done
[make_crop_data_batch()] pose batch data done
[predict()] forward start
[predict()] forward done
[track_one()] pose done
[track_one()] Welcome
[track_one()] depth processing done
[predict()] ob_in_cams:(1, 4, 4)
[predict()] self.cfg.use_normal:False
[predict()] trans_normalizer:[0.019999999552965164, 0.019999999552965164, 0.05000000074505806], rot_normalizer:0.3490658503988659
[predict()] making cropped data
[make_crop_data_batch()] Welcome make_crop_data_batch
[make_crop_data_batch()] make tf_to_crops done
[make_crop_data_batch()] render done
[make_crop_data_batch()] warp done
[make_crop_data_batch()] pose batch data done
[predict()] forward start
[predict()] forward done
[predict()] making cropped data
[make_crop_data_batch()] Welcome make_crop_data_batch
[make_crop_data_batch()] make tf_to_crops done
[make_crop_data_batch()] render done
[make_crop_data_batch()] warp done
[make_crop_data_batch()] pose batch data done
[predict()] forward start
[predict()] forward done
[predict()] making cropped data
[make_crop_data_batch()] Welcome make_crop_data_batch
[make_crop_data_batch()] make tf_to_crops done
[make_crop_data_batch()] render done
[make_crop_data_batch()] warp done
[make_crop_data_batch()] pose batch data done
[predict()] forward start
[predict()] forward done
[predict()] making cropped data
[make_crop_data_batch()] Welcome make_crop_data_batch
[make_crop_data_batch()] make tf_to_crops done
[make_crop_data_batch()] render done
[make_crop_data_batch()] warp done
[make_crop_data_batch()] pose batch data done
[predict()] forward start
[predict()] forward done
[predict()] making cropped data
[make_crop_data_batch()] Welcome make_crop_data_batch
[make_crop_data_batch()] make tf_to_crops done
[make_crop_data_batch()] render done
[make_crop_data_batch()] warp done
[make_crop_data_batch()] pose batch data done
[predict()] forward start
[predict()] forward done
[track_one()] pose done
[track_one()] Welcome
[track_one()] depth processing done
[predict()] ob_in_cams:(1, 4, 4)
[predict()] self.cfg.use_normal:False
[predict()] trans_normalizer:[0.019999999552965164, 0.019999999552965164, 0.05000000074505806], rot_normalizer:0.3490658503988659
[predict()] making cropped data
[make_crop_data_batch()] Welcome make_crop_data_batch
[make_crop_data_batch()] make tf_to_crops done
[make_crop_data_batch()] render done
[make_crop_data_batch()] warp done
[make_crop_data_batch()] pose batch data done
[predict()] forward start
[predict()] forward done
[predict()] making cropped data
[make_crop_data_batch()] Welcome make_crop_data_batch
[make_crop_data_batch()] make tf_to_crops done
[make_crop_data_batch()] render done
[make_crop_data_batch()] warp done
[make_crop_data_batch()] pose batch data done
[predict()] forward start
[predict()] forward done
[predict()] making cropped data
[make_crop_data_batch()] Welcome make_crop_data_batch
[make_crop_data_batch()] make tf_to_crops done
[make_crop_data_batch()] render done
[make_crop_data_batch()] warp done
[make_crop_data_batch()] pose batch data done
[predict()] forward start
[predict()] forward done
[predict()] making cropped data
[make_crop_data_batch()] Welcome make_crop_data_batch
[make_crop_data_batch()] make tf_to_crops done
[make_crop_data_batch()] render done
[make_crop_data_batch()] warp done
[make_crop_data_batch()] pose batch data done
[predict()] forward start
[predict()] forward done
[predict()] making cropped data
[make_crop_data_batch()] Welcome make_crop_data_batch
[make_crop_data_batch()] make tf_to_crops done
[make_crop_data_batch()] render done
[make_crop_data_batch()] warp done
[make_crop_data_batch()] pose batch data done
[predict()] forward start
[predict()] forward done
[track_one()] pose done
[track_one()] Welcome
[track_one()] depth processing done
[predict()] ob_in_cams:(1, 4, 4)
[predict()] self.cfg.use_normal:False
[predict()] trans_normalizer:[0.019999999552965164, 0.019999999552965164, 0.05000000074505806], rot_normalizer:0.3490658503988659
[predict()] making cropped data
[make_crop_data_batch()] Welcome make_crop_data_batch
[make_crop_data_batch()] make tf_to_crops done
[make_crop_data_batch()] render done
[make_crop_data_batch()] warp done
[make_crop_data_batch()] pose batch data done
[predict()] forward start
[predict()] forward done
[predict()] making cropped data
[make_crop_data_batch()] Welcome make_crop_data_batch
[make_crop_data_batch()] make tf_to_crops done
[make_crop_data_batch()] render done
[make_crop_data_batch()] warp done
[make_crop_data_batch()] pose batch data done
[predict()] forward start
[predict()] forward done
[predict()] making cropped data
[make_crop_data_batch()] Welcome make_crop_data_batch
[make_crop_data_batch()] make tf_to_crops done
[make_crop_data_batch()] render done
[make_crop_data_batch()] warp done
[make_crop_data_batch()] pose batch data done
[predict()] forward start
[predict()] forward done
[predict()] making cropped data
[make_crop_data_batch()] Welcome make_crop_data_batch
[make_crop_data_batch()] make tf_to_crops done
[make_crop_data_batch()] render done
[make_crop_data_batch()] warp done
[make_crop_data_batch()] pose batch data done
[predict()] forward start
[predict()] forward done
[predict()] making cropped data
[make_crop_data_batch()] Welcome make_crop_data_batch
[make_crop_data_batch()] make tf_to_crops done
[make_crop_data_batch()] render done
[make_crop_data_batch()] warp done
[make_crop_data_batch()] pose batch data done
[predict()] forward start
[predict()] forward done
[track_one()] pose done
[track_one()] Welcome
[track_one()] depth processing done
[predict()] ob_in_cams:(1, 4, 4)
[predict()] self.cfg.use_normal:False
[predict()] trans_normalizer:[0.019999999552965164, 0.019999999552965164, 0.05000000074505806], rot_normalizer:0.3490658503988659
[predict()] making cropped data
[make_crop_data_batch()] Welcome make_crop_data_batch
[make_crop_data_batch()] make tf_to_crops done
[make_crop_data_batch()] render done
[make_crop_data_batch()] warp done
[make_crop_data_batch()] pose batch data done
[predict()] forward start
[predict()] forward done
[predict()] making cropped data
[make_crop_data_batch()] Welcome make_crop_data_batch
[make_crop_data_batch()] make tf_to_crops done
[make_crop_data_batch()] render done
[make_crop_data_batch()] warp done
[make_crop_data_batch()] pose batch data done
[predict()] forward start
[predict()] forward done
[predict()] making cropped data
[make_crop_data_batch()] Welcome make_crop_data_batch
[make_crop_data_batch()] make tf_to_crops done
[make_crop_data_batch()] render done
[make_crop_data_batch()] warp done
[make_crop_data_batch()] pose batch data done
[predict()] forward start
[predict()] forward done
[predict()] making cropped data
[make_crop_data_batch()] Welcome make_crop_data_batch
[make_crop_data_batch()] make tf_to_crops done
[make_crop_data_batch()] render done
[make_crop_data_batch()] warp done
[make_crop_data_batch()] pose batch data done
[predict()] forward start
[predict()] forward done
[predict()] making cropped data
[make_crop_data_batch()] Welcome make_crop_data_batch
[make_crop_data_batch()] make tf_to_crops done
[make_crop_data_batch()] render done
[make_crop_data_batch()] warp done
[make_crop_data_batch()] pose batch data done
[predict()] forward start
[predict()] forward done
[track_one()] pose done
[track_one()] Welcome
[track_one()] depth processing done
[predict()] ob_in_cams:(1, 4, 4)
[predict()] self.cfg.use_normal:False
[predict()] trans_normalizer:[0.019999999552965164, 0.019999999552965164, 0.05000000074505806], rot_normalizer:0.3490658503988659
[predict()] making cropped data
[make_crop_data_batch()] Welcome make_crop_data_batch
[make_crop_data_batch()] make tf_to_crops done
[make_crop_data_batch()] render done
[make_crop_data_batch()] warp done
[make_crop_data_batch()] pose batch data done
[predict()] forward start
[predict()] forward done
[predict()] making cropped data
[make_crop_data_batch()] Welcome make_crop_data_batch
[make_crop_data_batch()] make tf_to_crops done
[make_crop_data_batch()] render done
[make_crop_data_batch()] warp done
[make_crop_data_batch()] pose batch data done
[predict()] forward start
[predict()] forward done
[predict()] making cropped data
[make_crop_data_batch()] Welcome make_crop_data_batch
[make_crop_data_batch()] make tf_to_crops done
[make_crop_data_batch()] render done
[make_crop_data_batch()] warp done
[make_crop_data_batch()] pose batch data done
[predict()] forward start
[predict()] forward done
[predict()] making cropped data
[make_crop_data_batch()] Welcome make_crop_data_batch
[make_crop_data_batch()] make tf_to_crops done
[make_crop_data_batch()] render done
[make_crop_data_batch()] warp done
[make_crop_data_batch()] pose batch data done
[predict()] forward start
[predict()] forward done
[predict()] making cropped data
[make_crop_data_batch()] Welcome make_crop_data_batch
[make_crop_data_batch()] make tf_to_crops done
[make_crop_data_batch()] render done
[make_crop_data_batch()] warp done
[make_crop_data_batch()] pose batch data done
[predict()] forward start
[predict()] forward done
[track_one()] pose done
[track_one()] Welcome
[track_one()] depth processing done
[predict()] ob_in_cams:(1, 4, 4)
[predict()] self.cfg.use_normal:False
[predict()] trans_normalizer:[0.019999999552965164, 0.019999999552965164, 0.05000000074505806], rot_normalizer:0.3490658503988659
[predict()] making cropped data
[make_crop_data_batch()] Welcome make_crop_data_batch
[make_crop_data_batch()] make tf_to_crops done
[make_crop_data_batch()] render done
[make_crop_data_batch()] warp done
[make_crop_data_batch()] pose batch data done
[predict()] forward start
[predict()] forward done
[predict()] making cropped data
[make_crop_data_batch()] Welcome make_crop_data_batch
[make_crop_data_batch()] make tf_to_crops done
[make_crop_data_batch()] render done
[make_crop_data_batch()] warp done
[make_crop_data_batch()] pose batch data done
[predict()] forward start
[predict()] forward done
[predict()] making cropped data
[make_crop_data_batch()] Welcome make_crop_data_batch
[make_crop_data_batch()] make tf_to_crops done
[make_crop_data_batch()] render done
[make_crop_data_batch()] warp done
[make_crop_data_batch()] pose batch data done
[predict()] forward start
[predict()] forward done
[predict()] making cropped data
[make_crop_data_batch()] Welcome make_crop_data_batch
[make_crop_data_batch()] make tf_to_crops done
[make_crop_data_batch()] render done
[make_crop_data_batch()] warp done
[make_crop_data_batch()] pose batch data done
[predict()] forward start
[predict()] forward done
[predict()] making cropped data
[make_crop_data_batch()] Welcome make_crop_data_batch
[make_crop_data_batch()] make tf_to_crops done
[make_crop_data_batch()] render done
[make_crop_data_batch()] warp done
[make_crop_data_batch()] pose batch data done
[predict()] forward start
[predict()] forward done
[track_one()] pose done
[track_one()] Welcome
[track_one()] depth processing done
[predict()] ob_in_cams:(1, 4, 4)
[predict()] self.cfg.use_normal:False
[predict()] trans_normalizer:[0.019999999552965164, 0.019999999552965164, 0.05000000074505806], rot_normalizer:0.3490658503988659
[predict()] making cropped data
[make_crop_data_batch()] Welcome make_crop_data_batch
[make_crop_data_batch()] make tf_to_crops done
[make_crop_data_batch()] render done
[make_crop_data_batch()] warp done
[make_crop_data_batch()] pose batch data done
[predict()] forward start
[predict()] forward done
[predict()] making cropped data
[make_crop_data_batch()] Welcome make_crop_data_batch
[make_crop_data_batch()] make tf_to_crops done
[make_crop_data_batch()] render done
[make_crop_data_batch()] warp done
[make_crop_data_batch()] pose batch data done
[predict()] forward start
[predict()] forward done
[predict()] making cropped data
[make_crop_data_batch()] Welcome make_crop_data_batch
[make_crop_data_batch()] make tf_to_crops done
[make_crop_data_batch()] render done
[make_crop_data_batch()] warp done
[make_crop_data_batch()] pose batch data done
[predict()] forward start
[predict()] forward done
[predict()] making cropped data
[make_crop_data_batch()] Welcome make_crop_data_batch
[make_crop_data_batch()] make tf_to_crops done
[make_crop_data_batch()] render done
[make_crop_data_batch()] warp done
[make_crop_data_batch()] pose batch data done
[predict()] forward start
[predict()] forward done
[predict()] making cropped data
[make_crop_data_batch()] Welcome make_crop_data_batch
[make_crop_data_batch()] make tf_to_crops done
[make_crop_data_batch()] render done
[make_crop_data_batch()] warp done
[make_crop_data_batch()] pose batch data done
[predict()] forward start
[predict()] forward done
[track_one()] pose done
[track_one()] Welcome
[track_one()] depth processing done
[predict()] ob_in_cams:(1, 4, 4)
[predict()] self.cfg.use_normal:False
[predict()] trans_normalizer:[0.019999999552965164, 0.019999999552965164, 0.05000000074505806], rot_normalizer:0.3490658503988659
[predict()] making cropped data
[make_crop_data_batch()] Welcome make_crop_data_batch
[make_crop_data_batch()] make tf_to_crops done
[make_crop_data_batch()] render done
[make_crop_data_batch()] warp done
[make_crop_data_batch()] pose batch data done
[predict()] forward start
[predict()] forward done
[predict()] making cropped data
[make_crop_data_batch()] Welcome make_crop_data_batch
[make_crop_data_batch()] make tf_to_crops done
[make_crop_data_batch()] render done
[make_crop_data_batch()] warp done
[make_crop_data_batch()] pose batch data done
[predict()] forward start
[predict()] forward done
[predict()] making cropped data
[make_crop_data_batch()] Welcome make_crop_data_batch
[make_crop_data_batch()] make tf_to_crops done
[make_crop_data_batch()] render done
[make_crop_data_batch()] warp done
[make_crop_data_batch()] pose batch data done
[predict()] forward start
[predict()] forward done
[predict()] making cropped data
[make_crop_data_batch()] Welcome make_crop_data_batch
[make_crop_data_batch()] make tf_to_crops done
[make_crop_data_batch()] render done
[make_crop_data_batch()] warp done
[make_crop_data_batch()] pose batch data done
[predict()] forward start
[predict()] forward done
[predict()] making cropped data
[make_crop_data_batch()] Welcome make_crop_data_batch
[make_crop_data_batch()] make tf_to_crops done
[make_crop_data_batch()] render done
[make_crop_data_batch()] warp done
[make_crop_data_batch()] pose batch data done
[predict()] forward start
[predict()] forward done
[track_one()] pose done
[track_one()] Welcome
[track_one()] depth processing done
[predict()] ob_in_cams:(1, 4, 4)
[predict()] self.cfg.use_normal:False
[predict()] trans_normalizer:[0.019999999552965164, 0.019999999552965164, 0.05000000074505806], rot_normalizer:0.3490658503988659
[predict()] making cropped data
[make_crop_data_batch()] Welcome make_crop_data_batch
[make_crop_data_batch()] make tf_to_crops done
[make_crop_data_batch()] render done
[make_crop_data_batch()] warp done
[make_crop_data_batch()] pose batch data done
[predict()] forward start
[predict()] forward done
[predict()] making cropped data
[make_crop_data_batch()] Welcome make_crop_data_batch
[make_crop_data_batch()] make tf_to_crops done
[make_crop_data_batch()] render done
[make_crop_data_batch()] warp done
[make_crop_data_batch()] pose batch data done
[predict()] forward start
[predict()] forward done
[predict()] making cropped data
[make_crop_data_batch()] Welcome make_crop_data_batch
[make_crop_data_batch()] make tf_to_crops done
[make_crop_data_batch()] render done
[make_crop_data_batch()] warp done
[make_crop_data_batch()] pose batch data done
[predict()] forward start
[predict()] forward done
[predict()] making cropped data
[make_crop_data_batch()] Welcome make_crop_data_batch
[make_crop_data_batch()] make tf_to_crops done
[make_crop_data_batch()] render done
[make_crop_data_batch()] warp done
[make_crop_data_batch()] pose batch data done
[predict()] forward start
[predict()] forward done
[predict()] making cropped data
[make_crop_data_batch()] Welcome make_crop_data_batch
[make_crop_data_batch()] make tf_to_crops done
[make_crop_data_batch()] render done
[make_crop_data_batch()] warp done
[make_crop_data_batch()] pose batch data done
[predict()] forward start
[predict()] forward done
[track_one()] pose done
[track_one()] Welcome
[track_one()] depth processing done
[predict()] ob_in_cams:(1, 4, 4)
[predict()] self.cfg.use_normal:False
[predict()] trans_normalizer:[0.019999999552965164, 0.019999999552965164, 0.05000000074505806], rot_normalizer:0.3490658503988659
[predict()] making cropped data
[make_crop_data_batch()] Welcome make_crop_data_batch
[make_crop_data_batch()] make tf_to_crops done
[make_crop_data_batch()] render done
[make_crop_data_batch()] warp done
[make_crop_data_batch()] pose batch data done
[predict()] forward start
[predict()] forward done
[predict()] making cropped data
[make_crop_data_batch()] Welcome make_crop_data_batch
[make_crop_data_batch()] make tf_to_crops done
[make_crop_data_batch()] render done
[make_crop_data_batch()] warp done
[make_crop_data_batch()] pose batch data done
[predict()] forward start
[predict()] forward done
[predict()] making cropped data
[make_crop_data_batch()] Welcome make_crop_data_batch
[make_crop_data_batch()] make tf_to_crops done
[make_crop_data_batch()] render done
[make_crop_data_batch()] warp done
[make_crop_data_batch()] pose batch data done
[predict()] forward start
[predict()] forward done
[predict()] making cropped data
[make_crop_data_batch()] Welcome make_crop_data_batch
[make_crop_data_batch()] make tf_to_crops done
[make_crop_data_batch()] render done
[make_crop_data_batch()] warp done
[make_crop_data_batch()] pose batch data done
[predict()] forward start
[predict()] forward done
[predict()] making cropped data
[make_crop_data_batch()] Welcome make_crop_data_batch
[make_crop_data_batch()] make tf_to_crops done
[make_crop_data_batch()] render done
[make_crop_data_batch()] warp done
[make_crop_data_batch()] pose batch data done
[predict()] forward start
[predict()] forward done
[track_one()] pose done
[done] saved /home/ngoncharov/cvpr2026/ReLiFT-6DoF/baselines_real/results_fp/gt/jug_motion_prod.npy  (20 frames)
[run]  gt / jug_tilt_prod  mesh=/home/ngoncharov/cvpr2026/FoundationPose/bundlesdf/output_lift_prod/jug_ref_prod/model.obj
[reset_object()] self.diameter:0.16425916635802248, vox_size:0.008212958317901125
[reset_object()] self.pts:torch.Size([1271, 3])
[reset_object()] reset done
[register()] Welcome
[register()] poses:(252, 4, 4)
[register()] after viewpoint, add_errs min:-1.0
[predict()] ob_in_cams:(252, 4, 4)
[predict()] self.cfg.use_normal:False
[predict()] trans_normalizer:[0.019999999552965164, 0.019999999552965164, 0.05000000074505806], rot_normalizer:0.3490658503988659
[predict()] making cropped data
[make_crop_data_batch()] Welcome make_crop_data_batch
[make_crop_data_batch()] make tf_to_crops done
[make_crop_data_batch()] render done
[make_crop_data_batch()] warp done
[make_crop_data_batch()] pose batch data done
[predict()] forward start
[predict()] forward done
[predict()] making cropped data
[make_crop_data_batch()] Welcome make_crop_data_batch
[make_crop_data_batch()] make tf_to_crops done
[make_crop_data_batch()] render done
[make_crop_data_batch()] warp done
[make_crop_data_batch()] pose batch data done
[predict()] forward start
[predict()] forward done
[predict()] making cropped data
[make_crop_data_batch()] Welcome make_crop_data_batch
[make_crop_data_batch()] make tf_to_crops done
[make_crop_data_batch()] render done
[make_crop_data_batch()] warp done
[make_crop_data_batch()] pose batch data done
[predict()] forward start
[predict()] forward done
[predict()] making cropped data
[make_crop_data_batch()] Welcome make_crop_data_batch
[make_crop_data_batch()] make tf_to_crops done
[make_crop_data_batch()] render done
[make_crop_data_batch()] warp done
[make_crop_data_batch()] pose batch data done
[predict()] forward start
[predict()] forward done
[predict()] making cropped data
[make_crop_data_batch()] Welcome make_crop_data_batch
[make_crop_data_batch()] make tf_to_crops done
[make_crop_data_batch()] render done
[make_crop_data_batch()] warp done
[make_crop_data_batch()] pose batch data done
[predict()] forward start
[predict()] forward done
[predict()] ob_in_cams:(252, 4, 4)
[predict()] self.cfg.use_normal:False
[predict()] making cropped data
[make_crop_data_batch()] Welcome make_crop_data_batch
[make_crop_data_batch()] make tf_to_crops done
[make_crop_data_batch()] render done
[make_crop_data_batch()] pose batch data done
[find_best_among_pairs()] pose_data.rgbAs.shape[0]: 252
[predict()] forward done
[register()] final, add_errs min:-1.0
[register()] sort ids:tensor([149, 197, 173, 177, 168,   0,  21, 126, 203,  42,  48,  72, 221,   5,
        131, 153, 179, 222,  53,  92, 155,  93, 132, 192,  23,  77,  78, 152,
        176,  20,  54, 101, 130, 183,   3,  46,  96, 150, 174,  18, 194,  76,
         90,  80,  81, 120, 125,   9,  43,  57,  84, 105, 114, 186,   6,   8,
         87,  88, 119, 135, 144,  16,  44, 195, 200, 225, 248,  14,  15,  51,
         83, 123, 137, 170, 198,   2,  65,  86, 107, 171, 191, 201, 224, 227,
        232,  11, 140, 207, 212, 230, 234,   4,  17,  56,  60,  98, 134, 147,
        159, 164, 189, 202, 210, 231, 233,  75,  99, 100, 102, 117, 156, 208,
        216,  12,  26,  39,  49,  66,  69,  70,  89, 113, 142, 165, 205, 228,
        241, 246, 250, 251,  34,  36,  37, 112, 118, 151, 160, 163, 184, 196,
        213, 217, 226, 249,  33,  61,  74, 115, 139, 143, 167, 182, 204, 209,
         29,  35,  55,  62,  71, 106, 158, 161, 169, 175, 190, 206, 215, 219,
        237, 240, 245, 247,  38,  47,  64,  67, 104, 110, 122, 129, 136, 157,
        214, 220, 244,  10,  22,  24,  27,  32,  40,  41,  45,  59,  68,  73,
         85, 121, 124, 128, 154, 162, 238,  19,  30,  50,  52,  58,  63,  79,
         82,  97, 111, 133, 141, 148, 180, 181, 223, 229, 242, 243,   1,  13,
         25,  28,  94, 116, 127, 146, 166, 172, 178, 187, 193, 211, 235, 239,
         31,  95, 108, 109, 138, 185, 218,  91, 199,   7, 103, 145, 188, 236])
[register()] sorted scores:tensor([137.6562, 137.6250, 137.5938, 137.5938, 137.5625, 137.5000, 137.5000,
        137.5000, 137.5000, 137.4688, 137.4688, 137.4688, 137.4688, 137.4375,
        137.4375, 137.4375, 137.4375, 137.4375, 137.4062, 137.4062, 137.4062,
        137.3750, 137.3750, 137.3750, 137.3438, 137.3438, 137.3438, 137.3438,
        137.3438, 137.3125, 137.3125, 137.3125, 137.3125, 137.3125, 137.2812,
        137.2812, 137.2812, 137.2812, 137.2812, 137.2500, 137.2500, 137.2188,
        137.2188, 137.1875, 137.1875, 137.1875, 137.1875, 137.1562, 137.1562,
        137.1562, 137.1562, 137.1562, 137.1562, 137.1562, 137.1250, 137.1250,
        137.1250, 137.1250, 137.1250, 137.1250, 137.1250, 137.0938, 137.0938,
        137.0938, 137.0938, 137.0938, 137.0938, 137.0625, 137.0625, 137.0625,
        137.0625, 137.0625, 137.0625, 137.0625, 137.0625, 137.0312, 137.0312,
        137.0312, 137.0312, 137.0312, 137.0312, 137.0312, 137.0312, 137.0312,
        137.0312, 137.0000, 137.0000, 137.0000, 137.0000, 137.0000, 137.0000,
        136.9688, 136.9688, 136.9688, 136.9688, 136.9688, 136.9688, 136.9688,
        136.9688, 136.9688, 136.9688, 136.9688, 136.9688, 136.9688, 136.9688,
        136.9375, 136.9375, 136.9375, 136.9375, 136.9375, 136.9375, 136.9375,
        136.9375, 136.9062, 136.9062, 136.9062, 136.9062, 136.9062, 136.9062,
        136.9062, 136.9062, 136.9062, 136.9062, 136.9062, 136.9062, 136.9062,
        136.9062, 136.9062, 136.9062, 136.9062, 136.8750, 136.8750, 136.8750,
        136.8750, 136.8750, 136.8750, 136.8750, 136.8750, 136.8750, 136.8750,
        136.8750, 136.8750, 136.8750, 136.8750, 136.8438, 136.8438, 136.8438,
        136.8438, 136.8438, 136.8438, 136.8438, 136.8438, 136.8438, 136.8438,
        136.8125, 136.8125, 136.8125, 136.8125, 136.8125, 136.8125, 136.8125,
        136.8125, 136.8125, 136.8125, 136.8125, 136.8125, 136.8125, 136.8125,
        136.8125, 136.8125, 136.8125, 136.8125, 136.7812, 136.7812, 136.7812,
        136.7812, 136.7812, 136.7812, 136.7812, 136.7812, 136.7812, 136.7812,
        136.7812, 136.7812, 136.7812, 136.7500, 136.7500, 136.7500, 136.7500,
        136.7500, 136.7500, 136.7500, 136.7500, 136.7500, 136.7500, 136.7500,
        136.7500, 136.7500, 136.7500, 136.7500, 136.7500, 136.7500, 136.7500,
        136.7188, 136.7188, 136.7188, 136.7188, 136.7188, 136.7188, 136.7188,
        136.7188, 136.7188, 136.7188, 136.7188, 136.7188, 136.7188, 136.7188,
        136.7188, 136.7188, 136.7188, 136.7188, 136.7188, 136.6875, 136.6875,
        136.6875, 136.6875, 136.6875, 136.6875, 136.6875, 136.6875, 136.6875,
        136.6875, 136.6875, 136.6875, 136.6875, 136.6875, 136.6875, 136.6875,
        136.6562, 136.6562, 136.6562, 136.6562, 136.6562, 136.6562, 136.6562,
        136.6250, 136.6250, 136.5938, 136.5938, 136.5938, 136.5938, 136.4375])
[track_one()] Welcome
[track_one()] depth processing done
[predict()] ob_in_cams:(1, 4, 4)
[predict()] self.cfg.use_normal:False
[predict()] trans_normalizer:[0.019999999552965164, 0.019999999552965164, 0.05000000074505806], rot_normalizer:0.3490658503988659
[predict()] making cropped data
[make_crop_data_batch()] Welcome make_crop_data_batch
[make_crop_data_batch()] make tf_to_crops done
[make_crop_data_batch()] render done
[make_crop_data_batch()] warp done
[make_crop_data_batch()] pose batch data done
[predict()] forward start
[predict()] forward done
[predict()] making cropped data
[make_crop_data_batch()] Welcome make_crop_data_batch
[make_crop_data_batch()] make tf_to_crops done
[make_crop_data_batch()] render done
[make_crop_data_batch()] warp done
[make_crop_data_batch()] pose batch data done
[predict()] forward start
[predict()] forward done
[predict()] making cropped data
[make_crop_data_batch()] Welcome make_crop_data_batch
[make_crop_data_batch()] make tf_to_crops done
[make_crop_data_batch()] render done
[make_crop_data_batch()] warp done
[make_crop_data_batch()] pose batch data done
[predict()] forward start
[predict()] forward done
[predict()] making cropped data
[make_crop_data_batch()] Welcome make_crop_data_batch
[make_crop_data_batch()] make tf_to_crops done
[make_crop_data_batch()] render done
[make_crop_data_batch()] warp done
[make_crop_data_batch()] pose batch data done
[predict()] forward start
[predict()] forward done
[predict()] making cropped data
[make_crop_data_batch()] Welcome make_crop_data_batch
[make_crop_data_batch()] make tf_to_crops done
[make_crop_data_batch()] render done
[make_crop_data_batch()] warp done
[make_crop_data_batch()] pose batch data done
[predict()] forward start
[predict()] forward done
[track_one()] pose done
[track_one()] Welcome
[track_one()] depth processing done
[predict()] ob_in_cams:(1, 4, 4)
[predict()] self.cfg.use_normal:False
[predict()] trans_normalizer:[0.019999999552965164, 0.019999999552965164, 0.05000000074505806], rot_normalizer:0.3490658503988659
[predict()] making cropped data
[make_crop_data_batch()] Welcome make_crop_data_batch
[make_crop_data_batch()] make tf_to_crops done
[make_crop_data_batch()] render done
[make_crop_data_batch()] warp done
[make_crop_data_batch()] pose batch data done
[predict()] forward start
[predict()] forward done
[predict()] making cropped data
[make_crop_data_batch()] Welcome make_crop_data_batch
[make_crop_data_batch()] make tf_to_crops done
[make_crop_data_batch()] render done
[make_crop_data_batch()] warp done
[make_crop_data_batch()] pose batch data done
[predict()] forward start
[predict()] forward done
[predict()] making cropped data
[make_crop_data_batch()] Welcome make_crop_data_batch
[make_crop_data_batch()] make tf_to_crops done
[make_crop_data_batch()] render done
[make_crop_data_batch()] warp done
[make_crop_data_batch()] pose batch data done
[predict()] forward start
[predict()] forward done
[predict()] making cropped data
[make_crop_data_batch()] Welcome make_crop_data_batch
[make_crop_data_batch()] make tf_to_crops done
[make_crop_data_batch()] render done
[make_crop_data_batch()] warp done
[make_crop_data_batch()] pose batch data done
[predict()] forward start
[predict()] forward done
[predict()] making cropped data
[make_crop_data_batch()] Welcome make_crop_data_batch
[make_crop_data_batch()] make tf_to_crops done
[make_crop_data_batch()] render done
[make_crop_data_batch()] warp done
[make_crop_data_batch()] pose batch data done
[predict()] forward start
[predict()] forward done
[track_one()] pose done
[track_one()] Welcome
[track_one()] depth processing done
[predict()] ob_in_cams:(1, 4, 4)
[predict()] self.cfg.use_normal:False
[predict()] trans_normalizer:[0.019999999552965164, 0.019999999552965164, 0.05000000074505806], rot_normalizer:0.3490658503988659
[predict()] making cropped data
[make_crop_data_batch()] Welcome make_crop_data_batch
[make_crop_data_batch()] make tf_to_crops done
[make_crop_data_batch()] render done
[make_crop_data_batch()] warp done
[make_crop_data_batch()] pose batch data done
[predict()] forward start
[predict()] forward done
[predict()] making cropped data
[make_crop_data_batch()] Welcome make_crop_data_batch
[make_crop_data_batch()] make tf_to_crops done
[make_crop_data_batch()] render done
[make_crop_data_batch()] warp done
[make_crop_data_batch()] pose batch data done
[predict()] forward start
[predict()] forward done
[predict()] making cropped data
[make_crop_data_batch()] Welcome make_crop_data_batch
[make_crop_data_batch()] make tf_to_crops done
[make_crop_data_batch()] render done
[make_crop_data_batch()] warp done
[make_crop_data_batch()] pose batch data done
[predict()] forward start
[predict()] forward done
[predict()] making cropped data
[make_crop_data_batch()] Welcome make_crop_data_batch
[make_crop_data_batch()] make tf_to_crops done
[make_crop_data_batch()] render done
[make_crop_data_batch()] warp done
[make_crop_data_batch()] pose batch data done
[predict()] forward start
[predict()] forward done
[predict()] making cropped data
[make_crop_data_batch()] Welcome make_crop_data_batch
[make_crop_data_batch()] make tf_to_crops done
[make_crop_data_batch()] render done
[make_crop_data_batch()] warp done
[make_crop_data_batch()] pose batch data done
[predict()] forward start
[predict()] forward done
[track_one()] pose done
[track_one()] Welcome
[track_one()] depth processing done
[predict()] ob_in_cams:(1, 4, 4)
[predict()] self.cfg.use_normal:False
[predict()] trans_normalizer:[0.019999999552965164, 0.019999999552965164, 0.05000000074505806], rot_normalizer:0.3490658503988659
[predict()] making cropped data
[make_crop_data_batch()] Welcome make_crop_data_batch
[make_crop_data_batch()] make tf_to_crops done
[make_crop_data_batch()] render done
[make_crop_data_batch()] warp done
[make_crop_data_batch()] pose batch data done
[predict()] forward start
[predict()] forward done
[predict()] making cropped data
[make_crop_data_batch()] Welcome make_crop_data_batch
[make_crop_data_batch()] make tf_to_crops done
[make_crop_data_batch()] render done
[make_crop_data_batch()] warp done
[make_crop_data_batch()] pose batch data done
[predict()] forward start
[predict()] forward done
[predict()] making cropped data
[make_crop_data_batch()] Welcome make_crop_data_batch
[make_crop_data_batch()] make tf_to_crops done
[make_crop_data_batch()] render done
[make_crop_data_batch()] warp done
[make_crop_data_batch()] pose batch data done
[predict()] forward start
[predict()] forward done
[predict()] making cropped data
[make_crop_data_batch()] Welcome make_crop_data_batch
[make_crop_data_batch()] make tf_to_crops done
[make_crop_data_batch()] render done
[make_crop_data_batch()] warp done
[make_crop_data_batch()] pose batch data done
[predict()] forward start
[predict()] forward done
[predict()] making cropped data
[make_crop_data_batch()] Welcome make_crop_data_batch
[make_crop_data_batch()] make tf_to_crops done
[make_crop_data_batch()] render done
[make_crop_data_batch()] warp done
[make_crop_data_batch()] pose batch data done
[predict()] forward start
[predict()] forward done
[track_one()] pose done
[track_one()] Welcome
[track_one()] depth processing done
[predict()] ob_in_cams:(1, 4, 4)
[predict()] self.cfg.use_normal:False
[predict()] trans_normalizer:[0.019999999552965164, 0.019999999552965164, 0.05000000074505806], rot_normalizer:0.3490658503988659
[predict()] making cropped data
[make_crop_data_batch()] Welcome make_crop_data_batch
[make_crop_data_batch()] make tf_to_crops done
[make_crop_data_batch()] render done
[make_crop_data_batch()] warp done
[make_crop_data_batch()] pose batch data done
[predict()] forward start
[predict()] forward done
[predict()] making cropped data
[make_crop_data_batch()] Welcome make_crop_data_batch
[make_crop_data_batch()] make tf_to_crops done
[make_crop_data_batch()] render done
[make_crop_data_batch()] warp done
[make_crop_data_batch()] pose batch data done
[predict()] forward start
[predict()] forward done
[predict()] making cropped data
[make_crop_data_batch()] Welcome make_crop_data_batch
[make_crop_data_batch()] make tf_to_crops done
[make_crop_data_batch()] render done
[make_crop_data_batch()] warp done
[make_crop_data_batch()] pose batch data done
[predict()] forward start
[predict()] forward done
[predict()] making cropped data
[make_crop_data_batch()] Welcome make_crop_data_batch
[make_crop_data_batch()] make tf_to_crops done
[make_crop_data_batch()] render done
[make_crop_data_batch()] warp done
[make_crop_data_batch()] pose batch data done
[predict()] forward start
[predict()] forward done
[predict()] making cropped data
[make_crop_data_batch()] Welcome make_crop_data_batch
[make_crop_data_batch()] make tf_to_crops done
[make_crop_data_batch()] render done
[make_crop_data_batch()] warp done
[make_crop_data_batch()] pose batch data done
[predict()] forward start
[predict()] forward done
[track_one()] pose done
[track_one()] Welcome
[track_one()] depth processing done
[predict()] ob_in_cams:(1, 4, 4)
[predict()] self.cfg.use_normal:False
[predict()] trans_normalizer:[0.019999999552965164, 0.019999999552965164, 0.05000000074505806], rot_normalizer:0.3490658503988659
[predict()] making cropped data
[make_crop_data_batch()] Welcome make_crop_data_batch
[make_crop_data_batch()] make tf_to_crops done
[make_crop_data_batch()] render done
[make_crop_data_batch()] warp done
[make_crop_data_batch()] pose batch data done
[predict()] forward start
[predict()] forward done
[predict()] making cropped data
[make_crop_data_batch()] Welcome make_crop_data_batch
[make_crop_data_batch()] make tf_to_crops done
[make_crop_data_batch()] render done
[make_crop_data_batch()] warp done
[make_crop_data_batch()] pose batch data done
[predict()] forward start
[predict()] forward done
[predict()] making cropped data
[make_crop_data_batch()] Welcome make_crop_data_batch
[make_crop_data_batch()] make tf_to_crops done
[make_crop_data_batch()] render done
[make_crop_data_batch()] warp done
[make_crop_data_batch()] pose batch data done
[predict()] forward start
[predict()] forward done
[predict()] making cropped data
[make_crop_data_batch()] Welcome make_crop_data_batch
[make_crop_data_batch()] make tf_to_crops done
[make_crop_data_batch()] render done
[make_crop_data_batch()] warp done
[make_crop_data_batch()] pose batch data done
[predict()] forward start
[predict()] forward done
[predict()] making cropped data
[make_crop_data_batch()] Welcome make_crop_data_batch
[make_crop_data_batch()] make tf_to_crops done
[make_crop_data_batch()] render done
[make_crop_data_batch()] warp done
[make_crop_data_batch()] pose batch data done
[predict()] forward start
[predict()] forward done
[track_one()] pose done
[track_one()] Welcome
[track_one()] depth processing done
[predict()] ob_in_cams:(1, 4, 4)
[predict()] self.cfg.use_normal:False
[predict()] trans_normalizer:[0.019999999552965164, 0.019999999552965164, 0.05000000074505806], rot_normalizer:0.3490658503988659
[predict()] making cropped data
[make_crop_data_batch()] Welcome make_crop_data_batch
[make_crop_data_batch()] make tf_to_crops done
[make_crop_data_batch()] render done
[make_crop_data_batch()] warp done
[make_crop_data_batch()] pose batch data done
[predict()] forward start
[predict()] forward done
[predict()] making cropped data
[make_crop_data_batch()] Welcome make_crop_data_batch
[make_crop_data_batch()] make tf_to_crops done
[make_crop_data_batch()] render done
[make_crop_data_batch()] warp done
[make_crop_data_batch()] pose batch data done
[predict()] forward start
[predict()] forward done
[predict()] making cropped data
[make_crop_data_batch()] Welcome make_crop_data_batch
[make_crop_data_batch()] make tf_to_crops done
[make_crop_data_batch()] render done
[make_crop_data_batch()] warp done
[make_crop_data_batch()] pose batch data done
[predict()] forward start
[predict()] forward done
[predict()] making cropped data
[make_crop_data_batch()] Welcome make_crop_data_batch
[make_crop_data_batch()] make tf_to_crops done
[make_crop_data_batch()] render done
[make_crop_data_batch()] warp done
[make_crop_data_batch()] pose batch data done
[predict()] forward start
[predict()] forward done
[predict()] making cropped data
[make_crop_data_batch()] Welcome make_crop_data_batch
[make_crop_data_batch()] make tf_to_crops done
[make_crop_data_batch()] render done
[make_crop_data_batch()] warp done
[make_crop_data_batch()] pose batch data done
[predict()] forward start
[predict()] forward done
[track_one()] pose done
[track_one()] Welcome
[track_one()] depth processing done
[predict()] ob_in_cams:(1, 4, 4)
[predict()] self.cfg.use_normal:False
[predict()] trans_normalizer:[0.019999999552965164, 0.019999999552965164, 0.05000000074505806], rot_normalizer:0.3490658503988659
[predict()] making cropped data
[make_crop_data_batch()] Welcome make_crop_data_batch
[make_crop_data_batch()] make tf_to_crops done
[make_crop_data_batch()] render done
[make_crop_data_batch()] warp done
[make_crop_data_batch()] pose batch data done
[predict()] forward start
[predict()] forward done
[predict()] making cropped data
[make_crop_data_batch()] Welcome make_crop_data_batch
[make_crop_data_batch()] make tf_to_crops done
[make_crop_data_batch()] render done
[make_crop_data_batch()] warp done
[make_crop_data_batch()] pose batch data done
[predict()] forward start
[predict()] forward done
[predict()] making cropped data
[make_crop_data_batch()] Welcome make_crop_data_batch
[make_crop_data_batch()] make tf_to_crops done
[make_crop_data_batch()] render done
[make_crop_data_batch()] warp done
[make_crop_data_batch()] pose batch data done
[predict()] forward start
[predict()] forward done
[predict()] making cropped data
[make_crop_data_batch()] Welcome make_crop_data_batch
[make_crop_data_batch()] make tf_to_crops done
[make_crop_data_batch()] render done
[make_crop_data_batch()] warp done
[make_crop_data_batch()] pose batch data done
[predict()] forward start
[predict()] forward done
[predict()] making cropped data
[make_crop_data_batch()] Welcome make_crop_data_batch
[make_crop_data_batch()] make tf_to_crops done
[make_crop_data_batch()] render done
[make_crop_data_batch()] warp done
[make_crop_data_batch()] pose batch data done
[predict()] forward start
[predict()] forward done
[track_one()] pose done
[track_one()] Welcome
[track_one()] depth processing done
[predict()] ob_in_cams:(1, 4, 4)
[predict()] self.cfg.use_normal:False
[predict()] trans_normalizer:[0.019999999552965164, 0.019999999552965164, 0.05000000074505806], rot_normalizer:0.3490658503988659
[predict()] making cropped data
[make_crop_data_batch()] Welcome make_crop_data_batch
[make_crop_data_batch()] make tf_to_crops done
[make_crop_data_batch()] render done
[make_crop_data_batch()] warp done
[make_crop_data_batch()] pose batch data done
[predict()] forward start
[predict()] forward done
[predict()] making cropped data
[make_crop_data_batch()] Welcome make_crop_data_batch
[make_crop_data_batch()] make tf_to_crops done
[make_crop_data_batch()] render done
[make_crop_data_batch()] warp done
[make_crop_data_batch()] pose batch data done
[predict()] forward start
[predict()] forward done
[predict()] making cropped data
[make_crop_data_batch()] Welcome make_crop_data_batch
[make_crop_data_batch()] make tf_to_crops done
[make_crop_data_batch()] render done
[make_crop_data_batch()] warp done
[make_crop_data_batch()] pose batch data done
[predict()] forward start
[predict()] forward done
[predict()] making cropped data
[make_crop_data_batch()] Welcome make_crop_data_batch
[make_crop_data_batch()] make tf_to_crops done
[make_crop_data_batch()] render done
[make_crop_data_batch()] warp done
[make_crop_data_batch()] pose batch data done
[predict()] forward start
[predict()] forward done
[predict()] making cropped data
[make_crop_data_batch()] Welcome make_crop_data_batch
[make_crop_data_batch()] make tf_to_crops done
[make_crop_data_batch()] render done
[make_crop_data_batch()] warp done
[make_crop_data_batch()] pose batch data done
[predict()] forward start
[predict()] forward done
[track_one()] pose done
[track_one()] Welcome
[track_one()] depth processing done
[predict()] ob_in_cams:(1, 4, 4)
[predict()] self.cfg.use_normal:False
[predict()] trans_normalizer:[0.019999999552965164, 0.019999999552965164, 0.05000000074505806], rot_normalizer:0.3490658503988659
[predict()] making cropped data
[make_crop_data_batch()] Welcome make_crop_data_batch
[make_crop_data_batch()] make tf_to_crops done
[make_crop_data_batch()] render done
[make_crop_data_batch()] warp done
[make_crop_data_batch()] pose batch data done
[predict()] forward start
[predict()] forward done
[predict()] making cropped data
[make_crop_data_batch()] Welcome make_crop_data_batch
[make_crop_data_batch()] make tf_to_crops done
[make_crop_data_batch()] render done
[make_crop_data_batch()] warp done
[make_crop_data_batch()] pose batch data done
[predict()] forward start
[predict()] forward done
[predict()] making cropped data
[make_crop_data_batch()] Welcome make_crop_data_batch
[make_crop_data_batch()] make tf_to_crops done
[make_crop_data_batch()] render done
[make_crop_data_batch()] warp done
[make_crop_data_batch()] pose batch data done
[predict()] forward start
[predict()] forward done
[predict()] making cropped data
[make_crop_data_batch()] Welcome make_crop_data_batch
[make_crop_data_batch()] make tf_to_crops done
[make_crop_data_batch()] render done
[make_crop_data_batch()] warp done
[make_crop_data_batch()] pose batch data done
[predict()] forward start
[predict()] forward done
[predict()] making cropped data
[make_crop_data_batch()] Welcome make_crop_data_batch
[make_crop_data_batch()] make tf_to_crops done
[make_crop_data_batch()] render done
[make_crop_data_batch()] warp done
[make_crop_data_batch()] pose batch data done
[predict()] forward start
[predict()] forward done
[track_one()] pose done
[track_one()] Welcome
[track_one()] depth processing done
[predict()] ob_in_cams:(1, 4, 4)
[predict()] self.cfg.use_normal:False
[predict()] trans_normalizer:[0.019999999552965164, 0.019999999552965164, 0.05000000074505806], rot_normalizer:0.3490658503988659
[predict()] making cropped data
[make_crop_data_batch()] Welcome make_crop_data_batch
[make_crop_data_batch()] make tf_to_crops done
[make_crop_data_batch()] render done
[make_crop_data_batch()] warp done
[make_crop_data_batch()] pose batch data done
[predict()] forward start
[predict()] forward done
[predict()] making cropped data
[make_crop_data_batch()] Welcome make_crop_data_batch
[make_crop_data_batch()] make tf_to_crops done
[make_crop_data_batch()] render done
[make_crop_data_batch()] warp done
[make_crop_data_batch()] pose batch data done
[predict()] forward start
[predict()] forward done
[predict()] making cropped data
[make_crop_data_batch()] Welcome make_crop_data_batch
[make_crop_data_batch()] make tf_to_crops done
[make_crop_data_batch()] render done
[make_crop_data_batch()] warp done
[make_crop_data_batch()] pose batch data done
[predict()] forward start
[predict()] forward done
[predict()] making cropped data
[make_crop_data_batch()] Welcome make_crop_data_batch
[make_crop_data_batch()] make tf_to_crops done
[make_crop_data_batch()] render done
[make_crop_data_batch()] warp done
[make_crop_data_batch()] pose batch data done
[predict()] forward start
[predict()] forward done
[predict()] making cropped data
[make_crop_data_batch()] Welcome make_crop_data_batch
[make_crop_data_batch()] make tf_to_crops done
[make_crop_data_batch()] render done
[make_crop_data_batch()] warp done
[make_crop_data_batch()] pose batch data done
[predict()] forward start
[predict()] forward done
[track_one()] pose done
[track_one()] Welcome
[track_one()] depth processing done
[predict()] ob_in_cams:(1, 4, 4)
[predict()] self.cfg.use_normal:False
[predict()] trans_normalizer:[0.019999999552965164, 0.019999999552965164, 0.05000000074505806], rot_normalizer:0.3490658503988659
[predict()] making cropped data
[make_crop_data_batch()] Welcome make_crop_data_batch
[make_crop_data_batch()] make tf_to_crops done
[make_crop_data_batch()] render done
[make_crop_data_batch()] warp done
[make_crop_data_batch()] pose batch data done
[predict()] forward start
[predict()] forward done
[predict()] making cropped data
[make_crop_data_batch()] Welcome make_crop_data_batch
[make_crop_data_batch()] make tf_to_crops done
[make_crop_data_batch()] render done
[make_crop_data_batch()] warp done
[make_crop_data_batch()] pose batch data done
[predict()] forward start
[predict()] forward done
[predict()] making cropped data
[make_crop_data_batch()] Welcome make_crop_data_batch
[make_crop_data_batch()] make tf_to_crops done
[make_crop_data_batch()] render done
[make_crop_data_batch()] warp done
[make_crop_data_batch()] pose batch data done
[predict()] forward start
[predict()] forward done
[predict()] making cropped data
[make_crop_data_batch()] Welcome make_crop_data_batch
[make_crop_data_batch()] make tf_to_crops done
[make_crop_data_batch()] render done
[make_crop_data_batch()] warp done
[make_crop_data_batch()] pose batch data done
[predict()] forward start
[predict()] forward done
[predict()] making cropped data
[make_crop_data_batch()] Welcome make_crop_data_batch
[make_crop_data_batch()] make tf_to_crops done
[make_crop_data_batch()] render done
[make_crop_data_batch()] warp done
[make_crop_data_batch()] pose batch data done
[predict()] forward start
[predict()] forward done
[track_one()] pose done
[track_one()] Welcome
[track_one()] depth processing done
[predict()] ob_in_cams:(1, 4, 4)
[predict()] self.cfg.use_normal:False
[predict()] trans_normalizer:[0.019999999552965164, 0.019999999552965164, 0.05000000074505806], rot_normalizer:0.3490658503988659
[predict()] making cropped data
[make_crop_data_batch()] Welcome make_crop_data_batch
[make_crop_data_batch()] make tf_to_crops done
[make_crop_data_batch()] render done
[make_crop_data_batch()] warp done
[make_crop_data_batch()] pose batch data done
[predict()] forward start
[predict()] forward done
[predict()] making cropped data
[make_crop_data_batch()] Welcome make_crop_data_batch
[make_crop_data_batch()] make tf_to_crops done
[make_crop_data_batch()] render done
[make_crop_data_batch()] warp done
[make_crop_data_batch()] pose batch data done
[predict()] forward start
[predict()] forward done
[predict()] making cropped data
[make_crop_data_batch()] Welcome make_crop_data_batch
[make_crop_data_batch()] make tf_to_crops done
[make_crop_data_batch()] render done
[make_crop_data_batch()] warp done
[make_crop_data_batch()] pose batch data done
[predict()] forward start
[predict()] forward done
[predict()] making cropped data
[make_crop_data_batch()] Welcome make_crop_data_batch
[make_crop_data_batch()] make tf_to_crops done
[make_crop_data_batch()] render done
[make_crop_data_batch()] warp done
[make_crop_data_batch()] pose batch data done
[predict()] forward start
[predict()] forward done
[predict()] making cropped data
[make_crop_data_batch()] Welcome make_crop_data_batch
[make_crop_data_batch()] make tf_to_crops done
[make_crop_data_batch()] render done
[make_crop_data_batch()] warp done
[make_crop_data_batch()] pose batch data done
[predict()] forward start
[predict()] forward done
[track_one()] pose done
[track_one()] Welcome
[track_one()] depth processing done
[predict()] ob_in_cams:(1, 4, 4)
[predict()] self.cfg.use_normal:False
[predict()] trans_normalizer:[0.019999999552965164, 0.019999999552965164, 0.05000000074505806], rot_normalizer:0.3490658503988659
[predict()] making cropped data
[make_crop_data_batch()] Welcome make_crop_data_batch
[make_crop_data_batch()] make tf_to_crops done
[make_crop_data_batch()] render done
[make_crop_data_batch()] warp done
[make_crop_data_batch()] pose batch data done
[predict()] forward start
[predict()] forward done
[predict()] making cropped data
[make_crop_data_batch()] Welcome make_crop_data_batch
[make_crop_data_batch()] make tf_to_crops done
[make_crop_data_batch()] render done
[make_crop_data_batch()] warp done
[make_crop_data_batch()] pose batch data done
[predict()] forward start
[predict()] forward done
[predict()] making cropped data
[make_crop_data_batch()] Welcome make_crop_data_batch
[make_crop_data_batch()] make tf_to_crops done
[make_crop_data_batch()] render done
[make_crop_data_batch()] warp done
[make_crop_data_batch()] pose batch data done
[predict()] forward start
[predict()] forward done
[predict()] making cropped data
[make_crop_data_batch()] Welcome make_crop_data_batch
[make_crop_data_batch()] make tf_to_crops done
[make_crop_data_batch()] render done
[make_crop_data_batch()] warp done
[make_crop_data_batch()] pose batch data done
[predict()] forward start
[predict()] forward done
[predict()] making cropped data
[make_crop_data_batch()] Welcome make_crop_data_batch
[make_crop_data_batch()] make tf_to_crops done
[make_crop_data_batch()] render done
[make_crop_data_batch()] warp done
[make_crop_data_batch()] pose batch data done
[predict()] forward start
[predict()] forward done
[track_one()] pose done
[track_one()] Welcome
[track_one()] depth processing done
[predict()] ob_in_cams:(1, 4, 4)
[predict()] self.cfg.use_normal:False
[predict()] trans_normalizer:[0.019999999552965164, 0.019999999552965164, 0.05000000074505806], rot_normalizer:0.3490658503988659
[predict()] making cropped data
[make_crop_data_batch()] Welcome make_crop_data_batch
[make_crop_data_batch()] make tf_to_crops done
[make_crop_data_batch()] render done
[make_crop_data_batch()] warp done
[make_crop_data_batch()] pose batch data done
[predict()] forward start
[predict()] forward done
[predict()] making cropped data
[make_crop_data_batch()] Welcome make_crop_data_batch
[make_crop_data_batch()] make tf_to_crops done
[make_crop_data_batch()] render done
[make_crop_data_batch()] warp done
[make_crop_data_batch()] pose batch data done
[predict()] forward start
[predict()] forward done
[predict()] making cropped data
[make_crop_data_batch()] Welcome make_crop_data_batch
[make_crop_data_batch()] make tf_to_crops done
[make_crop_data_batch()] render done
[make_crop_data_batch()] warp done
[make_crop_data_batch()] pose batch data done
[predict()] forward start
[predict()] forward done
[predict()] making cropped data
[make_crop_data_batch()] Welcome make_crop_data_batch
[make_crop_data_batch()] make tf_to_crops done
[make_crop_data_batch()] render done
[make_crop_data_batch()] warp done
[make_crop_data_batch()] pose batch data done
[predict()] forward start
[predict()] forward done
[predict()] making cropped data
[make_crop_data_batch()] Welcome make_crop_data_batch
[make_crop_data_batch()] make tf_to_crops done
[make_crop_data_batch()] render done
[make_crop_data_batch()] warp done
[make_crop_data_batch()] pose batch data done
[predict()] forward start
[predict()] forward done
[track_one()] pose done
[track_one()] Welcome
[track_one()] depth processing done
[predict()] ob_in_cams:(1, 4, 4)
[predict()] self.cfg.use_normal:False
[predict()] trans_normalizer:[0.019999999552965164, 0.019999999552965164, 0.05000000074505806], rot_normalizer:0.3490658503988659
[predict()] making cropped data
[make_crop_data_batch()] Welcome make_crop_data_batch
[make_crop_data_batch()] make tf_to_crops done
[make_crop_data_batch()] render done
[make_crop_data_batch()] warp done
[make_crop_data_batch()] pose batch data done
[predict()] forward start
[predict()] forward done
[predict()] making cropped data
[make_crop_data_batch()] Welcome make_crop_data_batch
[make_crop_data_batch()] make tf_to_crops done
[make_crop_data_batch()] render done
[make_crop_data_batch()] warp done
[make_crop_data_batch()] pose batch data done
[predict()] forward start
[predict()] forward done
[predict()] making cropped data
[make_crop_data_batch()] Welcome make_crop_data_batch
[make_crop_data_batch()] make tf_to_crops done
[make_crop_data_batch()] render done
[make_crop_data_batch()] warp done
[make_crop_data_batch()] pose batch data done
[predict()] forward start
[predict()] forward done
[predict()] making cropped data
[make_crop_data_batch()] Welcome make_crop_data_batch
[make_crop_data_batch()] make tf_to_crops done
[make_crop_data_batch()] render done
[make_crop_data_batch()] warp done
[make_crop_data_batch()] pose batch data done
[predict()] forward start
[predict()] forward done
[predict()] making cropped data
[make_crop_data_batch()] Welcome make_crop_data_batch
[make_crop_data_batch()] make tf_to_crops done
[make_crop_data_batch()] render done
[make_crop_data_batch()] warp done
[make_crop_data_batch()] pose batch data done
[predict()] forward start
[predict()] forward done
[track_one()] pose done
[done] saved /home/ngoncharov/cvpr2026/ReLiFT-6DoF/baselines_real/results_fp/gt/jug_tilt_prod.npy  (17 frames)
[run]  gt / jug_translation_z_prod  mesh=/home/ngoncharov/cvpr2026/FoundationPose/bundlesdf/output_lift_prod/jug_ref_prod/model.obj
[reset_object()] self.diameter:0.16425916635802248, vox_size:0.008212958317901125
[reset_object()] self.pts:torch.Size([1271, 3])
[reset_object()] reset done
[register()] Welcome
[register()] poses:(252, 4, 4)
[register()] after viewpoint, add_errs min:-1.0
[predict()] ob_in_cams:(252, 4, 4)
[predict()] self.cfg.use_normal:False
[predict()] trans_normalizer:[0.019999999552965164, 0.019999999552965164, 0.05000000074505806], rot_normalizer:0.3490658503988659
[predict()] making cropped data
[make_crop_data_batch()] Welcome make_crop_data_batch
[make_crop_data_batch()] make tf_to_crops done
[make_crop_data_batch()] render done
[make_crop_data_batch()] warp done
[make_crop_data_batch()] pose batch data done
[predict()] forward start
[predict()] forward done
[predict()] making cropped data
[make_crop_data_batch()] Welcome make_crop_data_batch
[make_crop_data_batch()] make tf_to_crops done
[make_crop_data_batch()] render done
[make_crop_data_batch()] warp done
[make_crop_data_batch()] pose batch data done
[predict()] forward start
[predict()] forward done
[predict()] making cropped data
[make_crop_data_batch()] Welcome make_crop_data_batch
[make_crop_data_batch()] make tf_to_crops done
[make_crop_data_batch()] render done
[make_crop_data_batch()] warp done
[make_crop_data_batch()] pose batch data done
[predict()] forward start
[predict()] forward done
[predict()] making cropped data
[make_crop_data_batch()] Welcome make_crop_data_batch
[make_crop_data_batch()] make tf_to_crops done
[make_crop_data_batch()] render done
[make_crop_data_batch()] warp done
[make_crop_data_batch()] pose batch data done
[predict()] forward start
[predict()] forward done
[predict()] making cropped data
[make_crop_data_batch()] Welcome make_crop_data_batch
[make_crop_data_batch()] make tf_to_crops done
[make_crop_data_batch()] render done
[make_crop_data_batch()] warp done
[make_crop_data_batch()] pose batch data done
[predict()] forward start
[predict()] forward done
[predict()] ob_in_cams:(252, 4, 4)
[predict()] self.cfg.use_normal:False
[predict()] making cropped data
[make_crop_data_batch()] Welcome make_crop_data_batch
[make_crop_data_batch()] make tf_to_crops done
[make_crop_data_batch()] render done
[make_crop_data_batch()] pose batch data done
[find_best_among_pairs()] pose_data.rgbAs.shape[0]: 252
[predict()] forward done
[register()] final, add_errs min:-1.0
[register()] sort ids:tensor([ 90,   0, 171,  42, 120, 126, 147,   9,  57, 195, 189, 168,  72, 132,
        137, 144, 174, 198, 102, 135, 210,  51,  84,  96, 150,  18, 156, 105,
        192,  78,   6,  48,  60,  66, 114, 222,  87, 205, 115, 162, 204,  36,
        153, 177, 228, 246,  54,  63,  69,  12,  27, 183,  93, 117,  21, 249,
        237,  81, 225, 231,  15, 123, 178, 243,  99, 207, 159, 104, 134, 163,
        216,   3,  50, 201, 179, 188,  79, 139,  32, 121, 190, 165,   2,   4,
         35,  75, 145, 158, 181, 184, 215, 226,   8,  46, 130,  28,  29,  41,
         55,  94,  98, 185, 191,  47,  82, 106, 128, 129, 213,  20,  33,  38,
         64,  95, 160, 203,   5,  44,  59, 157, 164, 202, 217,  13,  37,  43,
         80,  89,  91, 143, 193,  26, 124, 133, 161, 176, 200, 242,  40,  52,
         88, 109, 110, 119, 125, 140, 211, 212, 220, 234, 238,   7,  76,  77,
        111, 122, 154, 180, 187,  16,  17,  19,  22,  31,  39,  58,  62,  65,
         83,  92, 107, 127, 199, 214,  10,  45,  86,  97, 101, 138, 141, 142,
        151, 152, 155, 170, 173, 175, 197,   1,  11,  14, 116, 118, 209, 244,
         68,  73, 103, 131, 186, 221, 250,  23,  24, 136, 196, 208, 230, 235,
        245,  85, 113, 166, 169, 194, 219, 223, 224, 229, 236, 247,  34, 100,
        182, 206, 241,  30,  53, 108, 146, 167, 233, 239, 248,  25,  71,  74,
        172, 218, 148, 149, 240,  49,  56,  67,  70, 112,  61, 227, 232, 251])
[register()] sorted scores:tensor([129.0781, 129.0156, 128.8906, 128.8281, 128.8125, 128.8125, 128.8125,
        128.7969, 128.7969, 128.7969, 128.7812, 128.7656, 128.7500, 128.7500,
        128.7500, 128.7500, 128.7500, 128.7500, 128.7344, 128.7344, 128.7344,
        128.7188, 128.7188, 128.7188, 128.7188, 128.7031, 128.7031, 128.6719,
        128.6719, 128.6562, 128.6406, 128.6406, 128.6406, 128.6406, 128.6406,
        128.6406, 128.6250, 128.6250, 128.6094, 128.6094, 128.5781, 128.5625,
        128.5469, 128.5469, 128.5312, 128.5312, 128.5156, 128.5000, 128.5000,
        128.4844, 128.4844, 128.4844, 128.4688, 128.4531, 128.4375, 128.4375,
        128.4219, 128.4062, 128.4062, 128.4062, 128.3906, 128.3906, 128.3750,
        128.3438, 128.3125, 128.3125, 128.2812, 128.2656, 128.2656, 128.2656,
        128.2656, 128.2500, 128.2344, 128.2344, 128.2188, 128.2188, 128.1875,
        128.1875, 128.1719, 128.1719, 128.1719, 128.1562, 128.1406, 128.1406,
        128.1406, 128.1406, 128.1406, 128.1406, 128.1406, 128.1406, 128.1406,
        128.1406, 128.1250, 128.1250, 128.1250, 128.1094, 128.1094, 128.1094,
        128.1094, 128.1094, 128.1094, 128.1094, 128.1094, 128.0938, 128.0938,
        128.0938, 128.0938, 128.0938, 128.0938, 128.0781, 128.0781, 128.0781,
        128.0781, 128.0781, 128.0781, 128.0781, 128.0625, 128.0625, 128.0625,
        128.0625, 128.0625, 128.0625, 128.0625, 128.0469, 128.0469, 128.0469,
        128.0469, 128.0469, 128.0469, 128.0469, 128.0469, 128.0312, 128.0312,
        128.0312, 128.0312, 128.0312, 128.0312, 128.0312, 128.0156, 128.0156,
        128.0156, 128.0156, 128.0156, 128.0156, 128.0156, 128.0156, 128.0156,
        128.0156, 128.0156, 128.0156, 128.0156, 128.0000, 128.0000, 128.0000,
        128.0000, 128.0000, 128.0000, 128.0000, 128.0000, 127.9844, 127.9844,
        127.9844, 127.9844, 127.9844, 127.9844, 127.9844, 127.9844, 127.9844,
        127.9844, 127.9844, 127.9844, 127.9844, 127.9844, 127.9844, 127.9688,
        127.9688, 127.9688, 127.9688, 127.9688, 127.9688, 127.9688, 127.9688,
        127.9688, 127.9688, 127.9688, 127.9688, 127.9688, 127.9688, 127.9688,
        127.9531, 127.9531, 127.9531, 127.9531, 127.9531, 127.9531, 127.9531,
        127.9375, 127.9375, 127.9375, 127.9375, 127.9375, 127.9375, 127.9375,
        127.9219, 127.9219, 127.9219, 127.9219, 127.9219, 127.9219, 127.9219,
        127.9219, 127.9062, 127.9062, 127.9062, 127.9062, 127.9062, 127.9062,
        127.9062, 127.9062, 127.9062, 127.9062, 127.9062, 127.8906, 127.8906,
        127.8906, 127.8906, 127.8906, 127.8750, 127.8750, 127.8750, 127.8750,
        127.8750, 127.8750, 127.8750, 127.8750, 127.8594, 127.8594, 127.8594,
        127.8594, 127.8594, 127.8438, 127.8438, 127.8438, 127.8281, 127.8281,
        127.8281, 127.8281, 127.8125, 127.7812, 127.7812, 127.7812, 127.7656])
[track_one()] Welcome
[track_one()] depth processing done
[predict()] ob_in_cams:(1, 4, 4)
[predict()] self.cfg.use_normal:False
[predict()] trans_normalizer:[0.019999999552965164, 0.019999999552965164, 0.05000000074505806], rot_normalizer:0.3490658503988659
[predict()] making cropped data
[make_crop_data_batch()] Welcome make_crop_data_batch
[make_crop_data_batch()] make tf_to_crops done
[make_crop_data_batch()] render done
[make_crop_data_batch()] warp done
[make_crop_data_batch()] pose batch data done
[predict()] forward start
[predict()] forward done
[predict()] making cropped data
[make_crop_data_batch()] Welcome make_crop_data_batch
[make_crop_data_batch()] make tf_to_crops done
[make_crop_data_batch()] render done
[make_crop_data_batch()] warp done
[make_crop_data_batch()] pose batch data done
[predict()] forward start
[predict()] forward done
[predict()] making cropped data
[make_crop_data_batch()] Welcome make_crop_data_batch
[make_crop_data_batch()] make tf_to_crops done
[make_crop_data_batch()] render done
[make_crop_data_batch()] warp done
[make_crop_data_batch()] pose batch data done
[predict()] forward start
[predict()] forward done
[predict()] making cropped data
[make_crop_data_batch()] Welcome make_crop_data_batch
[make_crop_data_batch()] make tf_to_crops done
[make_crop_data_batch()] render done
[make_crop_data_batch()] warp done
[make_crop_data_batch()] pose batch data done
[predict()] forward start
[predict()] forward done
[predict()] making cropped data
[make_crop_data_batch()] Welcome make_crop_data_batch
[make_crop_data_batch()] make tf_to_crops done
[make_crop_data_batch()] render done
[make_crop_data_batch()] warp done
[make_crop_data_batch()] pose batch data done
[predict()] forward start
[predict()] forward done
[track_one()] pose done
[track_one()] Welcome
[track_one()] depth processing done
[predict()] ob_in_cams:(1, 4, 4)
[predict()] self.cfg.use_normal:False
[predict()] trans_normalizer:[0.019999999552965164, 0.019999999552965164, 0.05000000074505806], rot_normalizer:0.3490658503988659
[predict()] making cropped data
[make_crop_data_batch()] Welcome make_crop_data_batch
[make_crop_data_batch()] make tf_to_crops done
[make_crop_data_batch()] render done
[make_crop_data_batch()] warp done
[make_crop_data_batch()] pose batch data done
[predict()] forward start
[predict()] forward done
[predict()] making cropped data
[make_crop_data_batch()] Welcome make_crop_data_batch
[make_crop_data_batch()] make tf_to_crops done
[make_crop_data_batch()] render done
[make_crop_data_batch()] warp done
[make_crop_data_batch()] pose batch data done
[predict()] forward start
[predict()] forward done
[predict()] making cropped data
[make_crop_data_batch()] Welcome make_crop_data_batch
[make_crop_data_batch()] make tf_to_crops done
[make_crop_data_batch()] render done
[make_crop_data_batch()] warp done
[make_crop_data_batch()] pose batch data done
[predict()] forward start
[predict()] forward done
[predict()] making cropped data
[make_crop_data_batch()] Welcome make_crop_data_batch
[make_crop_data_batch()] make tf_to_crops done
[make_crop_data_batch()] render done
[make_crop_data_batch()] warp done
[make_crop_data_batch()] pose batch data done
[predict()] forward start
[predict()] forward done
[predict()] making cropped data
[make_crop_data_batch()] Welcome make_crop_data_batch
[make_crop_data_batch()] make tf_to_crops done
[make_crop_data_batch()] render done
[make_crop_data_batch()] warp done
[make_crop_data_batch()] pose batch data done
[predict()] forward start
[predict()] forward done
[track_one()] pose done
[track_one()] Welcome
[track_one()] depth processing done
[predict()] ob_in_cams:(1, 4, 4)
[predict()] self.cfg.use_normal:False
[predict()] trans_normalizer:[0.019999999552965164, 0.019999999552965164, 0.05000000074505806], rot_normalizer:0.3490658503988659
[predict()] making cropped data
[make_crop_data_batch()] Welcome make_crop_data_batch
[make_crop_data_batch()] make tf_to_crops done
[make_crop_data_batch()] render done
[make_crop_data_batch()] warp done
[make_crop_data_batch()] pose batch data done
[predict()] forward start
[predict()] forward done
[predict()] making cropped data
[make_crop_data_batch()] Welcome make_crop_data_batch
[make_crop_data_batch()] make tf_to_crops done
[make_crop_data_batch()] render done
[make_crop_data_batch()] warp done
[make_crop_data_batch()] pose batch data done
[predict()] forward start
[predict()] forward done
[predict()] making cropped data
[make_crop_data_batch()] Welcome make_crop_data_batch
[make_crop_data_batch()] make tf_to_crops done
[make_crop_data_batch()] render done
[make_crop_data_batch()] warp done
[make_crop_data_batch()] pose batch data done
[predict()] forward start
[predict()] forward done
[predict()] making cropped data
[make_crop_data_batch()] Welcome make_crop_data_batch
[make_crop_data_batch()] make tf_to_crops done
[make_crop_data_batch()] render done
[make_crop_data_batch()] warp done
[make_crop_data_batch()] pose batch data done
[predict()] forward start
[predict()] forward done
[predict()] making cropped data
[make_crop_data_batch()] Welcome make_crop_data_batch
[make_crop_data_batch()] make tf_to_crops done
[make_crop_data_batch()] render done
[make_crop_data_batch()] warp done
[make_crop_data_batch()] pose batch data done
[predict()] forward start
[predict()] forward done
[track_one()] pose done
[track_one()] Welcome
[track_one()] depth processing done
[predict()] ob_in_cams:(1, 4, 4)
[predict()] self.cfg.use_normal:False
[predict()] trans_normalizer:[0.019999999552965164, 0.019999999552965164, 0.05000000074505806], rot_normalizer:0.3490658503988659
[predict()] making cropped data
[make_crop_data_batch()] Welcome make_crop_data_batch
[make_crop_data_batch()] make tf_to_crops done
[make_crop_data_batch()] render done
[make_crop_data_batch()] warp done
[make_crop_data_batch()] pose batch data done
[predict()] forward start
[predict()] forward done
[predict()] making cropped data
[make_crop_data_batch()] Welcome make_crop_data_batch
[make_crop_data_batch()] make tf_to_crops done
[make_crop_data_batch()] render done
[make_crop_data_batch()] warp done
[make_crop_data_batch()] pose batch data done
[predict()] forward start
[predict()] forward done
[predict()] making cropped data
[make_crop_data_batch()] Welcome make_crop_data_batch
[make_crop_data_batch()] make tf_to_crops done
[make_crop_data_batch()] render done
[make_crop_data_batch()] warp done
[make_crop_data_batch()] pose batch data done
[predict()] forward start
[predict()] forward done
[predict()] making cropped data
[make_crop_data_batch()] Welcome make_crop_data_batch
[make_crop_data_batch()] make tf_to_crops done
[make_crop_data_batch()] render done
[make_crop_data_batch()] warp done
[make_crop_data_batch()] pose batch data done
[predict()] forward start
[predict()] forward done
[predict()] making cropped data
[make_crop_data_batch()] Welcome make_crop_data_batch
[make_crop_data_batch()] make tf_to_crops done
[make_crop_data_batch()] render done
[make_crop_data_batch()] warp done
[make_crop_data_batch()] pose batch data done
[predict()] forward start
[predict()] forward done
[track_one()] pose done
[track_one()] Welcome
[track_one()] depth processing done
[predict()] ob_in_cams:(1, 4, 4)
[predict()] self.cfg.use_normal:False
[predict()] trans_normalizer:[0.019999999552965164, 0.019999999552965164, 0.05000000074505806], rot_normalizer:0.3490658503988659
[predict()] making cropped data
[make_crop_data_batch()] Welcome make_crop_data_batch
[make_crop_data_batch()] make tf_to_crops done
[make_crop_data_batch()] render done
[make_crop_data_batch()] warp done
[make_crop_data_batch()] pose batch data done
[predict()] forward start
[predict()] forward done
[predict()] making cropped data
[make_crop_data_batch()] Welcome make_crop_data_batch
[make_crop_data_batch()] make tf_to_crops done
[make_crop_data_batch()] render done
[make_crop_data_batch()] warp done
[make_crop_data_batch()] pose batch data done
[predict()] forward start
[predict()] forward done
[predict()] making cropped data
[make_crop_data_batch()] Welcome make_crop_data_batch
[make_crop_data_batch()] make tf_to_crops done
[make_crop_data_batch()] render done
[make_crop_data_batch()] warp done
[make_crop_data_batch()] pose batch data done
[predict()] forward start
[predict()] forward done
[predict()] making cropped data
[make_crop_data_batch()] Welcome make_crop_data_batch
[make_crop_data_batch()] make tf_to_crops done
[make_crop_data_batch()] render done
[make_crop_data_batch()] warp done
[make_crop_data_batch()] pose batch data done
[predict()] forward start
[predict()] forward done
[predict()] making cropped data
[make_crop_data_batch()] Welcome make_crop_data_batch
[make_crop_data_batch()] make tf_to_crops done
[make_crop_data_batch()] render done
[make_crop_data_batch()] warp done
[make_crop_data_batch()] pose batch data done
[predict()] forward start
[predict()] forward done
[track_one()] pose done
[track_one()] Welcome
[track_one()] depth processing done
[predict()] ob_in_cams:(1, 4, 4)
[predict()] self.cfg.use_normal:False
[predict()] trans_normalizer:[0.019999999552965164, 0.019999999552965164, 0.05000000074505806], rot_normalizer:0.3490658503988659
[predict()] making cropped data
[make_crop_data_batch()] Welcome make_crop_data_batch
[make_crop_data_batch()] make tf_to_crops done
[make_crop_data_batch()] render done
[make_crop_data_batch()] warp done
[make_crop_data_batch()] pose batch data done
[predict()] forward start
[predict()] forward done
[predict()] making cropped data
[make_crop_data_batch()] Welcome make_crop_data_batch
[make_crop_data_batch()] make tf_to_crops done
[make_crop_data_batch()] render done
[make_crop_data_batch()] warp done
[make_crop_data_batch()] pose batch data done
[predict()] forward start
[predict()] forward done
[predict()] making cropped data
[make_crop_data_batch()] Welcome make_crop_data_batch
[make_crop_data_batch()] make tf_to_crops done
[make_crop_data_batch()] render done
[make_crop_data_batch()] warp done
[make_crop_data_batch()] pose batch data done
[predict()] forward start
[predict()] forward done
[predict()] making cropped data
[make_crop_data_batch()] Welcome make_crop_data_batch
[make_crop_data_batch()] make tf_to_crops done
[make_crop_data_batch()] render done
[make_crop_data_batch()] warp done
[make_crop_data_batch()] pose batch data done
[predict()] forward start
[predict()] forward done
[predict()] making cropped data
[make_crop_data_batch()] Welcome make_crop_data_batch
[make_crop_data_batch()] make tf_to_crops done
[make_crop_data_batch()] render done
[make_crop_data_batch()] warp done
[make_crop_data_batch()] pose batch data done
[predict()] forward start
[predict()] forward done
[track_one()] pose done
[track_one()] Welcome
[track_one()] depth processing done
[predict()] ob_in_cams:(1, 4, 4)
[predict()] self.cfg.use_normal:False
[predict()] trans_normalizer:[0.019999999552965164, 0.019999999552965164, 0.05000000074505806], rot_normalizer:0.3490658503988659
[predict()] making cropped data
[make_crop_data_batch()] Welcome make_crop_data_batch
[make_crop_data_batch()] make tf_to_crops done
[make_crop_data_batch()] render done
[make_crop_data_batch()] warp done
[make_crop_data_batch()] pose batch data done
[predict()] forward start
[predict()] forward done
[predict()] making cropped data
[make_crop_data_batch()] Welcome make_crop_data_batch
[make_crop_data_batch()] make tf_to_crops done
[make_crop_data_batch()] render done
[make_crop_data_batch()] warp done
[make_crop_data_batch()] pose batch data done
[predict()] forward start
[predict()] forward done
[predict()] making cropped data
[make_crop_data_batch()] Welcome make_crop_data_batch
[make_crop_data_batch()] make tf_to_crops done
[make_crop_data_batch()] render done
[make_crop_data_batch()] warp done
[make_crop_data_batch()] pose batch data done
[predict()] forward start
[predict()] forward done
[predict()] making cropped data
[make_crop_data_batch()] Welcome make_crop_data_batch
[make_crop_data_batch()] make tf_to_crops done
[make_crop_data_batch()] render done
[make_crop_data_batch()] warp done
[make_crop_data_batch()] pose batch data done
[predict()] forward start
[predict()] forward done
[predict()] making cropped data
[make_crop_data_batch()] Welcome make_crop_data_batch
[make_crop_data_batch()] make tf_to_crops done
[make_crop_data_batch()] render done
[make_crop_data_batch()] warp done
[make_crop_data_batch()] pose batch data done
[predict()] forward start
[predict()] forward done
[track_one()] pose done
[track_one()] Welcome
[track_one()] depth processing done
[predict()] ob_in_cams:(1, 4, 4)
[predict()] self.cfg.use_normal:False
[predict()] trans_normalizer:[0.019999999552965164, 0.019999999552965164, 0.05000000074505806], rot_normalizer:0.3490658503988659
[predict()] making cropped data
[make_crop_data_batch()] Welcome make_crop_data_batch
[make_crop_data_batch()] make tf_to_crops done
[make_crop_data_batch()] render done
[make_crop_data_batch()] warp done
[make_crop_data_batch()] pose batch data done
[predict()] forward start
[predict()] forward done
[predict()] making cropped data
[make_crop_data_batch()] Welcome make_crop_data_batch
[make_crop_data_batch()] make tf_to_crops done
[make_crop_data_batch()] render done
[make_crop_data_batch()] warp done
[make_crop_data_batch()] pose batch data done
[predict()] forward start
[predict()] forward done
[predict()] making cropped data
[make_crop_data_batch()] Welcome make_crop_data_batch
[make_crop_data_batch()] make tf_to_crops done
[make_crop_data_batch()] render done
[make_crop_data_batch()] warp done
[make_crop_data_batch()] pose batch data done
[predict()] forward start
[predict()] forward done
[predict()] making cropped data
[make_crop_data_batch()] Welcome make_crop_data_batch
[make_crop_data_batch()] make tf_to_crops done
[make_crop_data_batch()] render done
[make_crop_data_batch()] warp done
[make_crop_data_batch()] pose batch data done
[predict()] forward start
[predict()] forward done
[predict()] making cropped data
[make_crop_data_batch()] Welcome make_crop_data_batch
[make_crop_data_batch()] make tf_to_crops done
[make_crop_data_batch()] render done
[make_crop_data_batch()] warp done
[make_crop_data_batch()] pose batch data done
[predict()] forward start
[predict()] forward done
[track_one()] pose done
[track_one()] Welcome
[track_one()] depth processing done
[predict()] ob_in_cams:(1, 4, 4)
[predict()] self.cfg.use_normal:False
[predict()] trans_normalizer:[0.019999999552965164, 0.019999999552965164, 0.05000000074505806], rot_normalizer:0.3490658503988659
[predict()] making cropped data
[make_crop_data_batch()] Welcome make_crop_data_batch
[make_crop_data_batch()] make tf_to_crops done
[make_crop_data_batch()] render done
[make_crop_data_batch()] warp done
[make_crop_data_batch()] pose batch data done
[predict()] forward start
[predict()] forward done
[predict()] making cropped data
[make_crop_data_batch()] Welcome make_crop_data_batch
[make_crop_data_batch()] make tf_to_crops done
[make_crop_data_batch()] render done
[make_crop_data_batch()] warp done
[make_crop_data_batch()] pose batch data done
[predict()] forward start
[predict()] forward done
[predict()] making cropped data
[make_crop_data_batch()] Welcome make_crop_data_batch
[make_crop_data_batch()] make tf_to_crops done
[make_crop_data_batch()] render done
[make_crop_data_batch()] warp done
[make_crop_data_batch()] pose batch data done
[predict()] forward start
[predict()] forward done
[predict()] making cropped data
[make_crop_data_batch()] Welcome make_crop_data_batch
[make_crop_data_batch()] make tf_to_crops done
[make_crop_data_batch()] render done
[make_crop_data_batch()] warp done
[make_crop_data_batch()] pose batch data done
[predict()] forward start
[predict()] forward done
[predict()] making cropped data
[make_crop_data_batch()] Welcome make_crop_data_batch
[make_crop_data_batch()] make tf_to_crops done
[make_crop_data_batch()] render done
[make_crop_data_batch()] warp done
[make_crop_data_batch()] pose batch data done
[predict()] forward start
[predict()] forward done
[track_one()] pose done
[track_one()] Welcome
[track_one()] depth processing done
[predict()] ob_in_cams:(1, 4, 4)
[predict()] self.cfg.use_normal:False
[predict()] trans_normalizer:[0.019999999552965164, 0.019999999552965164, 0.05000000074505806], rot_normalizer:0.3490658503988659
[predict()] making cropped data
[make_crop_data_batch()] Welcome make_crop_data_batch
[make_crop_data_batch()] make tf_to_crops done
[make_crop_data_batch()] render done
[make_crop_data_batch()] warp done
[make_crop_data_batch()] pose batch data done
[predict()] forward start
[predict()] forward done
[predict()] making cropped data
[make_crop_data_batch()] Welcome make_crop_data_batch
[make_crop_data_batch()] make tf_to_crops done
[make_crop_data_batch()] render done
[make_crop_data_batch()] warp done
[make_crop_data_batch()] pose batch data done
[predict()] forward start
[predict()] forward done
[predict()] making cropped data
[make_crop_data_batch()] Welcome make_crop_data_batch
[make_crop_data_batch()] make tf_to_crops done
[make_crop_data_batch()] render done
[make_crop_data_batch()] warp done
[make_crop_data_batch()] pose batch data done
[predict()] forward start
[predict()] forward done
[predict()] making cropped data
[make_crop_data_batch()] Welcome make_crop_data_batch
[make_crop_data_batch()] make tf_to_crops done
[make_crop_data_batch()] render done
[make_crop_data_batch()] warp done
[make_crop_data_batch()] pose batch data done
[predict()] forward start
[predict()] forward done
[predict()] making cropped data
[make_crop_data_batch()] Welcome make_crop_data_batch
[make_crop_data_batch()] make tf_to_crops done
[make_crop_data_batch()] render done
[make_crop_data_batch()] warp done
[make_crop_data_batch()] pose batch data done
[predict()] forward start
[predict()] forward done
[track_one()] pose done
[track_one()] Welcome
[track_one()] depth processing done
[predict()] ob_in_cams:(1, 4, 4)
[predict()] self.cfg.use_normal:False
[predict()] trans_normalizer:[0.019999999552965164, 0.019999999552965164, 0.05000000074505806], rot_normalizer:0.3490658503988659
[predict()] making cropped data
[make_crop_data_batch()] Welcome make_crop_data_batch
[make_crop_data_batch()] make tf_to_crops done
[make_crop_data_batch()] render done
[make_crop_data_batch()] warp done
[make_crop_data_batch()] pose batch data done
[predict()] forward start
[predict()] forward done
[predict()] making cropped data
[make_crop_data_batch()] Welcome make_crop_data_batch
[make_crop_data_batch()] make tf_to_crops done
[make_crop_data_batch()] render done
[make_crop_data_batch()] warp done
[make_crop_data_batch()] pose batch data done
[predict()] forward start
[predict()] forward done
[predict()] making cropped data
[make_crop_data_batch()] Welcome make_crop_data_batch
[make_crop_data_batch()] make tf_to_crops done
[make_crop_data_batch()] render done
[make_crop_data_batch()] warp done
[make_crop_data_batch()] pose batch data done
[predict()] forward start
[predict()] forward done
[predict()] making cropped data
[make_crop_data_batch()] Welcome make_crop_data_batch
[make_crop_data_batch()] make tf_to_crops done
[make_crop_data_batch()] render done
[make_crop_data_batch()] warp done
[make_crop_data_batch()] pose batch data done
[predict()] forward start
[predict()] forward done
[predict()] making cropped data
[make_crop_data_batch()] Welcome make_crop_data_batch
[make_crop_data_batch()] make tf_to_crops done
[make_crop_data_batch()] render done
[make_crop_data_batch()] warp done
[make_crop_data_batch()] pose batch data done
[predict()] forward start
[predict()] forward done
[track_one()] pose done
[track_one()] Welcome
[track_one()] depth processing done
[predict()] ob_in_cams:(1, 4, 4)
[predict()] self.cfg.use_normal:False
[predict()] trans_normalizer:[0.019999999552965164, 0.019999999552965164, 0.05000000074505806], rot_normalizer:0.3490658503988659
[predict()] making cropped data
[make_crop_data_batch()] Welcome make_crop_data_batch
[make_crop_data_batch()] make tf_to_crops done
[make_crop_data_batch()] render done
[make_crop_data_batch()] warp done
[make_crop_data_batch()] pose batch data done
[predict()] forward start
[predict()] forward done
[predict()] making cropped data
[make_crop_data_batch()] Welcome make_crop_data_batch
[make_crop_data_batch()] make tf_to_crops done
[make_crop_data_batch()] render done
[make_crop_data_batch()] warp done
[make_crop_data_batch()] pose batch data done
[predict()] forward start
[predict()] forward done
[predict()] making cropped data
[make_crop_data_batch()] Welcome make_crop_data_batch
[make_crop_data_batch()] make tf_to_crops done
[make_crop_data_batch()] render done
[make_crop_data_batch()] warp done
[make_crop_data_batch()] pose batch data done
[predict()] forward start
[predict()] forward done
[predict()] making cropped data
[make_crop_data_batch()] Welcome make_crop_data_batch
[make_crop_data_batch()] make tf_to_crops done
[make_crop_data_batch()] render done
[make_crop_data_batch()] warp done
[make_crop_data_batch()] pose batch data done
[predict()] forward start
[predict()] forward done
[predict()] making cropped data
[make_crop_data_batch()] Welcome make_crop_data_batch
[make_crop_data_batch()] make tf_to_crops done
[make_crop_data_batch()] render done
[make_crop_data_batch()] warp done
[make_crop_data_batch()] pose batch data done
[predict()] forward start
[predict()] forward done
[track_one()] pose done
[track_one()] Welcome
[track_one()] depth processing done
[predict()] ob_in_cams:(1, 4, 4)
[predict()] self.cfg.use_normal:False
[predict()] trans_normalizer:[0.019999999552965164, 0.019999999552965164, 0.05000000074505806], rot_normalizer:0.3490658503988659
[predict()] making cropped data
[make_crop_data_batch()] Welcome make_crop_data_batch
[make_crop_data_batch()] make tf_to_crops done
[make_crop_data_batch()] render done
[make_crop_data_batch()] warp done
[make_crop_data_batch()] pose batch data done
[predict()] forward start
[predict()] forward done
[predict()] making cropped data
[make_crop_data_batch()] Welcome make_crop_data_batch
[make_crop_data_batch()] make tf_to_crops done
[make_crop_data_batch()] render done
[make_crop_data_batch()] warp done
[make_crop_data_batch()] pose batch data done
[predict()] forward start
[predict()] forward done
[predict()] making cropped data
[make_crop_data_batch()] Welcome make_crop_data_batch
[make_crop_data_batch()] make tf_to_crops done
[make_crop_data_batch()] render done
[make_crop_data_batch()] warp done
[make_crop_data_batch()] pose batch data done
[predict()] forward start
[predict()] forward done
[predict()] making cropped data
[make_crop_data_batch()] Welcome make_crop_data_batch
[make_crop_data_batch()] make tf_to_crops done
[make_crop_data_batch()] render done
[make_crop_data_batch()] warp done
[make_crop_data_batch()] pose batch data done
[predict()] forward start
[predict()] forward done
[predict()] making cropped data
[make_crop_data_batch()] Welcome make_crop_data_batch
[make_crop_data_batch()] make tf_to_crops done
[make_crop_data_batch()] render done
[make_crop_data_batch()] warp done
[make_crop_data_batch()] pose batch data done
[predict()] forward start
[predict()] forward done
[track_one()] pose done
[track_one()] Welcome
[track_one()] depth processing done
[predict()] ob_in_cams:(1, 4, 4)
[predict()] self.cfg.use_normal:False
[predict()] trans_normalizer:[0.019999999552965164, 0.019999999552965164, 0.05000000074505806], rot_normalizer:0.3490658503988659
[predict()] making cropped data
[make_crop_data_batch()] Welcome make_crop_data_batch
[make_crop_data_batch()] make tf_to_crops done
[make_crop_data_batch()] render done
[make_crop_data_batch()] warp done
[make_crop_data_batch()] pose batch data done
[predict()] forward start
[predict()] forward done
[predict()] making cropped data
[make_crop_data_batch()] Welcome make_crop_data_batch
[make_crop_data_batch()] make tf_to_crops done
[make_crop_data_batch()] render done
[make_crop_data_batch()] warp done
[make_crop_data_batch()] pose batch data done
[predict()] forward start
[predict()] forward done
[predict()] making cropped data
[make_crop_data_batch()] Welcome make_crop_data_batch
[make_crop_data_batch()] make tf_to_crops done
[make_crop_data_batch()] render done
[make_crop_data_batch()] warp done
[make_crop_data_batch()] pose batch data done
[predict()] forward start
[predict()] forward done
[predict()] making cropped data
[make_crop_data_batch()] Welcome make_crop_data_batch
[make_crop_data_batch()] make tf_to_crops done
[make_crop_data_batch()] render done
[make_crop_data_batch()] warp done
[make_crop_data_batch()] pose batch data done
[predict()] forward start
[predict()] forward done
[predict()] making cropped data
[make_crop_data_batch()] Welcome make_crop_data_batch
[make_crop_data_batch()] make tf_to_crops done
[make_crop_data_batch()] render done
[make_crop_data_batch()] warp done
[make_crop_data_batch()] pose batch data done
[predict()] forward start
[predict()] forward done
[track_one()] pose done
[track_one()] Welcome
[track_one()] depth processing done
[predict()] ob_in_cams:(1, 4, 4)
[predict()] self.cfg.use_normal:False
[predict()] trans_normalizer:[0.019999999552965164, 0.019999999552965164, 0.05000000074505806], rot_normalizer:0.3490658503988659
[predict()] making cropped data
[make_crop_data_batch()] Welcome make_crop_data_batch
[make_crop_data_batch()] make tf_to_crops done
[make_crop_data_batch()] render done
[make_crop_data_batch()] warp done
[make_crop_data_batch()] pose batch data done
[predict()] forward start
[predict()] forward done
[predict()] making cropped data
[make_crop_data_batch()] Welcome make_crop_data_batch
[make_crop_data_batch()] make tf_to_crops done
[make_crop_data_batch()] render done
[make_crop_data_batch()] warp done
[make_crop_data_batch()] pose batch data done
[predict()] forward start
[predict()] forward done
[predict()] making cropped data
[make_crop_data_batch()] Welcome make_crop_data_batch
[make_crop_data_batch()] make tf_to_crops done
[make_crop_data_batch()] render done
[make_crop_data_batch()] warp done
[make_crop_data_batch()] pose batch data done
[predict()] forward start
[predict()] forward done
[predict()] making cropped data
[make_crop_data_batch()] Welcome make_crop_data_batch
[make_crop_data_batch()] make tf_to_crops done
[make_crop_data_batch()] render done
[make_crop_data_batch()] warp done
[make_crop_data_batch()] pose batch data done
[predict()] forward start
[predict()] forward done
[predict()] making cropped data
[make_crop_data_batch()] Welcome make_crop_data_batch
[make_crop_data_batch()] make tf_to_crops done
[make_crop_data_batch()] render done
[make_crop_data_batch()] warp done
[make_crop_data_batch()] pose batch data done
[predict()] forward start
[predict()] forward done
[track_one()] pose done
[track_one()] Welcome
[track_one()] depth processing done
[predict()] ob_in_cams:(1, 4, 4)
[predict()] self.cfg.use_normal:False
[predict()] trans_normalizer:[0.019999999552965164, 0.019999999552965164, 0.05000000074505806], rot_normalizer:0.3490658503988659
[predict()] making cropped data
[make_crop_data_batch()] Welcome make_crop_data_batch
[make_crop_data_batch()] make tf_to_crops done
[make_crop_data_batch()] render done
[make_crop_data_batch()] warp done
[make_crop_data_batch()] pose batch data done
[predict()] forward start
[predict()] forward done
[predict()] making cropped data
[make_crop_data_batch()] Welcome make_crop_data_batch
[make_crop_data_batch()] make tf_to_crops done
[make_crop_data_batch()] render done
[make_crop_data_batch()] warp done
[make_crop_data_batch()] pose batch data done
[predict()] forward start
[predict()] forward done
[predict()] making cropped data
[make_crop_data_batch()] Welcome make_crop_data_batch
[make_crop_data_batch()] make tf_to_crops done
[make_crop_data_batch()] render done
[make_crop_data_batch()] warp done
[make_crop_data_batch()] pose batch data done
[predict()] forward start
[predict()] forward done
[predict()] making cropped data
[make_crop_data_batch()] Welcome make_crop_data_batch
[make_crop_data_batch()] make tf_to_crops done
[make_crop_data_batch()] render done
[make_crop_data_batch()] warp done
[make_crop_data_batch()] pose batch data done
[predict()] forward start
[predict()] forward done
[predict()] making cropped data
[make_crop_data_batch()] Welcome make_crop_data_batch
[make_crop_data_batch()] make tf_to_crops done
[make_crop_data_batch()] render done
[make_crop_data_batch()] warp done
[make_crop_data_batch()] pose batch data done
[predict()] forward start
[predict()] forward done
[track_one()] pose done
[track_one()] Welcome
[track_one()] depth processing done
[predict()] ob_in_cams:(1, 4, 4)
[predict()] self.cfg.use_normal:False
[predict()] trans_normalizer:[0.019999999552965164, 0.019999999552965164, 0.05000000074505806], rot_normalizer:0.3490658503988659
[predict()] making cropped data
[make_crop_data_batch()] Welcome make_crop_data_batch
[make_crop_data_batch()] make tf_to_crops done
[make_crop_data_batch()] render done
[make_crop_data_batch()] warp done
[make_crop_data_batch()] pose batch data done
[predict()] forward start
[predict()] forward done
[predict()] making cropped data
[make_crop_data_batch()] Welcome make_crop_data_batch
[make_crop_data_batch()] make tf_to_crops done
[make_crop_data_batch()] render done
[make_crop_data_batch()] warp done
[make_crop_data_batch()] pose batch data done
[predict()] forward start
[predict()] forward done
[predict()] making cropped data
[make_crop_data_batch()] Welcome make_crop_data_batch
[make_crop_data_batch()] make tf_to_crops done
[make_crop_data_batch()] render done
[make_crop_data_batch()] warp done
[make_crop_data_batch()] pose batch data done
[predict()] forward start
[predict()] forward done
[predict()] making cropped data
[make_crop_data_batch()] Welcome make_crop_data_batch
[make_crop_data_batch()] make tf_to_crops done
[make_crop_data_batch()] render done
[make_crop_data_batch()] warp done
[make_crop_data_batch()] pose batch data done
[predict()] forward start
[predict()] forward done
[predict()] making cropped data
[make_crop_data_batch()] Welcome make_crop_data_batch
[make_crop_data_batch()] make tf_to_crops done
[make_crop_data_batch()] render done
[make_crop_data_batch()] warp done
[make_crop_data_batch()] pose batch data done
[predict()] forward start
[predict()] forward done
[track_one()] pose done
[track_one()] Welcome
[track_one()] depth processing done
[predict()] ob_in_cams:(1, 4, 4)
[predict()] self.cfg.use_normal:False
[predict()] trans_normalizer:[0.019999999552965164, 0.019999999552965164, 0.05000000074505806], rot_normalizer:0.3490658503988659
[predict()] making cropped data
[make_crop_data_batch()] Welcome make_crop_data_batch
[make_crop_data_batch()] make tf_to_crops done
[make_crop_data_batch()] render done
[make_crop_data_batch()] warp done
[make_crop_data_batch()] pose batch data done
[predict()] forward start
[predict()] forward done
[predict()] making cropped data
[make_crop_data_batch()] Welcome make_crop_data_batch
[make_crop_data_batch()] make tf_to_crops done
[make_crop_data_batch()] render done
[make_crop_data_batch()] warp done
[make_crop_data_batch()] pose batch data done
[predict()] forward start
[predict()] forward done
[predict()] making cropped data
[make_crop_data_batch()] Welcome make_crop_data_batch
[make_crop_data_batch()] make tf_to_crops done
[make_crop_data_batch()] render done
[make_crop_data_batch()] warp done
[make_crop_data_batch()] pose batch data done
[predict()] forward start
[predict()] forward done
[predict()] making cropped data
[make_crop_data_batch()] Welcome make_crop_data_batch
[make_crop_data_batch()] make tf_to_crops done
[make_crop_data_batch()] render done
[make_crop_data_batch()] warp done
[make_crop_data_batch()] pose batch data done
[predict()] forward start
[predict()] forward done
[predict()] making cropped data
[make_crop_data_batch()] Welcome make_crop_data_batch
[make_crop_data_batch()] make tf_to_crops done
[make_crop_data_batch()] render done
[make_crop_data_batch()] warp done
[make_crop_data_batch()] pose batch data done
[predict()] forward start
[predict()] forward done
[track_one()] pose done
[track_one()] Welcome
[track_one()] depth processing done
[predict()] ob_in_cams:(1, 4, 4)
[predict()] self.cfg.use_normal:False
[predict()] trans_normalizer:[0.019999999552965164, 0.019999999552965164, 0.05000000074505806], rot_normalizer:0.3490658503988659
[predict()] making cropped data
[make_crop_data_batch()] Welcome make_crop_data_batch
[make_crop_data_batch()] make tf_to_crops done
[make_crop_data_batch()] render done
[make_crop_data_batch()] warp done
[make_crop_data_batch()] pose batch data done
[predict()] forward start
[predict()] forward done
[predict()] making cropped data
[make_crop_data_batch()] Welcome make_crop_data_batch
[make_crop_data_batch()] make tf_to_crops done
[make_crop_data_batch()] render done
[make_crop_data_batch()] warp done
[make_crop_data_batch()] pose batch data done
[predict()] forward start
[predict()] forward done
[predict()] making cropped data
[make_crop_data_batch()] Welcome make_crop_data_batch
[make_crop_data_batch()] make tf_to_crops done
[make_crop_data_batch()] render done
[make_crop_data_batch()] warp done
[make_crop_data_batch()] pose batch data done
[predict()] forward start
[predict()] forward done
[predict()] making cropped data
[make_crop_data_batch()] Welcome make_crop_data_batch
[make_crop_data_batch()] make tf_to_crops done
[make_crop_data_batch()] render done
[make_crop_data_batch()] warp done
[make_crop_data_batch()] pose batch data done
[predict()] forward start
[predict()] forward done
[predict()] making cropped data
[make_crop_data_batch()] Welcome make_crop_data_batch
[make_crop_data_batch()] make tf_to_crops done
[make_crop_data_batch()] render done
[make_crop_data_batch()] warp done
[make_crop_data_batch()] pose batch data done
[predict()] forward start
[predict()] forward done
[track_one()] pose done
[done] saved /home/ngoncharov/cvpr2026/ReLiFT-6DoF/baselines_real/results_fp/gt/jug_translation_z_prod.npy  (20 frames)
[run]  gt / shiny_box_tilt_prod  mesh=/home/ngoncharov/cvpr2026/FoundationPose/bundlesdf/output_lift_prod/shiny_box_ref_prod/model.obj
[reset_object()] self.diameter:0.2226481524811652, vox_size:0.01113240762405826
[reset_object()] self.pts:torch.Size([665, 3])
[reset_object()] reset done
[register()] Welcome
[register()] poses:(252, 4, 4)
[register()] after viewpoint, add_errs min:-1.0
[predict()] ob_in_cams:(252, 4, 4)
[predict()] self.cfg.use_normal:False
[predict()] trans_normalizer:[0.019999999552965164, 0.019999999552965164, 0.05000000074505806], rot_normalizer:0.3490658503988659
[predict()] making cropped data
[make_crop_data_batch()] Welcome make_crop_data_batch
[make_crop_data_batch()] make tf_to_crops done
[make_crop_data_batch()] render done
[make_crop_data_batch()] warp done
[make_crop_data_batch()] pose batch data done
[predict()] forward start
[predict()] forward done
[predict()] making cropped data
[make_crop_data_batch()] Welcome make_crop_data_batch
[make_crop_data_batch()] make tf_to_crops done
[make_crop_data_batch()] render done
[make_crop_data_batch()] warp done
[make_crop_data_batch()] pose batch data done
[predict()] forward start
[predict()] forward done
[predict()] making cropped data
[make_crop_data_batch()] Welcome make_crop_data_batch
[make_crop_data_batch()] make tf_to_crops done
[make_crop_data_batch()] render done
[make_crop_data_batch()] warp done
[make_crop_data_batch()] pose batch data done
[predict()] forward start
[predict()] forward done
[predict()] making cropped data
[make_crop_data_batch()] Welcome make_crop_data_batch
[make_crop_data_batch()] make tf_to_crops done
[make_crop_data_batch()] render done
[make_crop_data_batch()] warp done
[make_crop_data_batch()] pose batch data done
[predict()] forward start
[predict()] forward done
[predict()] making cropped data
[make_crop_data_batch()] Welcome make_crop_data_batch
[make_crop_data_batch()] make tf_to_crops done
[make_crop_data_batch()] render done
[make_crop_data_batch()] warp done
[make_crop_data_batch()] pose batch data done
[predict()] forward start
[predict()] forward done
[predict()] ob_in_cams:(252, 4, 4)
[predict()] self.cfg.use_normal:False
[predict()] making cropped data
[make_crop_data_batch()] Welcome make_crop_data_batch
[make_crop_data_batch()] make tf_to_crops done
[make_crop_data_batch()] render done
[make_crop_data_batch()] pose batch data done
[find_best_among_pairs()] pose_data.rgbAs.shape[0]: 252
[predict()] forward done
[register()] final, add_errs min:-1.0
[register()] sort ids:tensor([204,   0,  12,  18,  72,  78,  83, 120, 131,   6, 114, 125, 144, 155,
        203,   5,  23,  77, 132, 126, 174, 221,  11,  42,  84,  90, 192, 222,
        232, 122, 123, 178,   1,  14,  15,  61,  80, 116, 134, 172, 184, 207,
        223,   9,  33,  58, 119, 176, 210,  36,  41,  49,  50,  62,  75,  91,
        104, 117, 140, 149, 173, 175, 211,  20,  27,  60,  70,  74, 127, 137,
        145, 147, 153, 161, 162, 163, 168, 199, 201, 208, 233, 239, 246,  16,
         19,  21,  26,  45,  47,  71,  79,  81,  89,  95, 100, 105, 108, 111,
        128, 129, 135, 151, 152, 170, 205, 209, 224, 236, 244,   3,  17,  30,
         57,  69,  87,  96,  99, 107, 121, 148, 158, 167, 182, 188, 193, 218,
        226, 228, 231, 234, 237, 238,  24,  35,  59,  86,  93,  97, 141, 160,
        183, 186, 225, 242, 250,   2,   8,  38,  39,  48,  88, 102, 110, 118,
        177, 191, 200, 217, 247,  29, 136, 138, 157, 181,  10, 101, 143, 216,
        220, 241,  44,  73, 165, 166, 171, 213, 214, 230, 243,  32, 113, 150,
        156, 180, 240, 248,  82, 189, 235,  64,  67,  68,  98, 198, 215,  34,
         52,  65, 139, 194,  25,  28,  46,  92,  94, 187, 190,  31,  40,  43,
         55,  85, 106, 133, 197,  37,  56, 103, 112, 195, 249,  53, 109, 142,
        251, 130, 196, 206,  76, 146,   7, 115,  13, 227, 124, 245,  63,  66,
          4, 202,  51,  54, 169, 179, 185, 229,  22, 154, 159, 219, 164, 212])
[register()] sorted scores:tensor([127.6094, 127.5938, 127.5938, 127.5938, 127.5938, 127.5938, 127.5938,
        127.5938, 127.5938, 127.5781, 127.5781, 127.5781, 127.5781, 127.5781,
        127.5781, 127.5625, 127.5625, 127.5625, 127.5625, 127.5469, 127.5469,
        127.5469, 127.5312, 127.5312, 127.5312, 127.5312, 127.5312, 127.5312,
        127.3750, 127.3594, 127.3594, 127.3594, 127.3438, 127.3438, 127.3438,
        127.3438, 127.3438, 127.3438, 127.3438, 127.3438, 127.3438, 127.3438,
        127.3438, 127.3281, 127.3281, 127.3281, 127.3281, 127.3281, 127.3281,
        127.3125, 127.3125, 127.3125, 127.3125, 127.3125, 127.3125, 127.3125,
        127.3125, 127.3125, 127.3125, 127.3125, 127.3125, 127.3125, 127.3125,
        127.2969, 127.2969, 127.2969, 127.2969, 127.2969, 127.2969, 127.2969,
        127.2969, 127.2969, 127.2969, 127.2969, 127.2969, 127.2969, 127.2969,
        127.2969, 127.2969, 127.2969, 127.2969, 127.2969, 127.2969, 127.2812,
        127.2812, 127.2812, 127.2812, 127.2812, 127.2812, 127.2812, 127.2812,
        127.2812, 127.2812, 127.2812, 127.2812, 127.2812, 127.2812, 127.2812,
        127.2812, 127.2812, 127.2812, 127.2812, 127.2812, 127.2812, 127.2812,
        127.2812, 127.2812, 127.2812, 127.2812, 127.2656, 127.2656, 127.2656,
        127.2656, 127.2656, 127.2656, 127.2656, 127.2656, 127.2656, 127.2656,
        127.2656, 127.2656, 127.2656, 127.2656, 127.2656, 127.2656, 127.2656,
        127.2656, 127.2656, 127.2656, 127.2656, 127.2656, 127.2656, 127.2500,
        127.2500, 127.2500, 127.2500, 127.2500, 127.2500, 127.2500, 127.2500,
        127.2500, 127.2500, 127.2500, 127.2500, 127.2500, 127.2344, 127.2344,
        127.2344, 127.2344, 127.2344, 127.2344, 127.2344, 127.2344, 127.2344,
        127.2344, 127.2344, 127.2344, 127.2344, 127.2344, 127.2188, 127.2188,
        127.2188, 127.2188, 127.2188, 127.2031, 127.2031, 127.2031, 127.2031,
        127.2031, 127.2031, 127.1875, 127.1875, 127.1875, 127.1875, 127.1875,
        127.1875, 127.1875, 127.1875, 127.1875, 127.1719, 127.1719, 127.1719,
        127.1719, 127.1719, 127.1719, 127.1719, 127.1562, 127.1562, 127.1562,
        127.1406, 127.1406, 127.1406, 127.1406, 127.1406, 127.1406, 127.1250,
        127.1250, 127.1250, 127.1250, 127.1250, 127.1094, 127.1094, 127.1094,
        127.1094, 127.1094, 127.1094, 127.1094, 127.0938, 127.0938, 127.0938,
        127.0938, 127.0938, 127.0938, 127.0938, 127.0938, 127.0781, 127.0781,
        127.0781, 127.0781, 127.0781, 127.0781, 127.0625, 127.0625, 127.0625,
        127.0625, 127.0469, 127.0469, 127.0469, 127.0312, 127.0312, 126.9688,
        126.9688, 126.9531, 126.9531, 126.9062, 126.8594, 126.8438, 126.8438,
        126.8281, 126.8281, 126.8125, 126.8125, 126.8125, 126.8125, 126.8125,
        126.8125, 126.7969, 126.7969, 126.7969, 126.7969, 126.7812, 126.7656])
[track_one()] Welcome
[track_one()] depth processing done
[predict()] ob_in_cams:(1, 4, 4)
[predict()] self.cfg.use_normal:False
[predict()] trans_normalizer:[0.019999999552965164, 0.019999999552965164, 0.05000000074505806], rot_normalizer:0.3490658503988659
[predict()] making cropped data
[make_crop_data_batch()] Welcome make_crop_data_batch
[make_crop_data_batch()] make tf_to_crops done
[make_crop_data_batch()] render done
[make_crop_data_batch()] warp done
[make_crop_data_batch()] pose batch data done
[predict()] forward start
[predict()] forward done
[predict()] making cropped data
[make_crop_data_batch()] Welcome make_crop_data_batch
[make_crop_data_batch()] make tf_to_crops done
[make_crop_data_batch()] render done
[make_crop_data_batch()] warp done
[make_crop_data_batch()] pose batch data done
[predict()] forward start
[predict()] forward done
[predict()] making cropped data
[make_crop_data_batch()] Welcome make_crop_data_batch
[make_crop_data_batch()] make tf_to_crops done
[make_crop_data_batch()] render done
[make_crop_data_batch()] warp done
[make_crop_data_batch()] pose batch data done
[predict()] forward start
[predict()] forward done
[predict()] making cropped data
[make_crop_data_batch()] Welcome make_crop_data_batch
[make_crop_data_batch()] make tf_to_crops done
[make_crop_data_batch()] render done
[make_crop_data_batch()] warp done
[make_crop_data_batch()] pose batch data done
[predict()] forward start
[predict()] forward done
[predict()] making cropped data
[make_crop_data_batch()] Welcome make_crop_data_batch
[make_crop_data_batch()] make tf_to_crops done
[make_crop_data_batch()] render done
[make_crop_data_batch()] warp done
[make_crop_data_batch()] pose batch data done
[predict()] forward start
[predict()] forward done
[track_one()] pose done
[track_one()] Welcome
[track_one()] depth processing done
[predict()] ob_in_cams:(1, 4, 4)
[predict()] self.cfg.use_normal:False
[predict()] trans_normalizer:[0.019999999552965164, 0.019999999552965164, 0.05000000074505806], rot_normalizer:0.3490658503988659
[predict()] making cropped data
[make_crop_data_batch()] Welcome make_crop_data_batch
[make_crop_data_batch()] make tf_to_crops done
[make_crop_data_batch()] render done
[make_crop_data_batch()] warp done
[make_crop_data_batch()] pose batch data done
[predict()] forward start
[predict()] forward done
[predict()] making cropped data
[make_crop_data_batch()] Welcome make_crop_data_batch
[make_crop_data_batch()] make tf_to_crops done
[make_crop_data_batch()] render done
[make_crop_data_batch()] warp done
[make_crop_data_batch()] pose batch data done
[predict()] forward start
[predict()] forward done
[predict()] making cropped data
[make_crop_data_batch()] Welcome make_crop_data_batch
[make_crop_data_batch()] make tf_to_crops done
[make_crop_data_batch()] render done
[make_crop_data_batch()] warp done
[make_crop_data_batch()] pose batch data done
[predict()] forward start
[predict()] forward done
[predict()] making cropped data
[make_crop_data_batch()] Welcome make_crop_data_batch
[make_crop_data_batch()] make tf_to_crops done
[make_crop_data_batch()] render done
[make_crop_data_batch()] warp done
[make_crop_data_batch()] pose batch data done
[predict()] forward start
[predict()] forward done
[predict()] making cropped data
[make_crop_data_batch()] Welcome make_crop_data_batch
[make_crop_data_batch()] make tf_to_crops done
[make_crop_data_batch()] render done
[make_crop_data_batch()] warp done
[make_crop_data_batch()] pose batch data done
[predict()] forward start
[predict()] forward done
[track_one()] pose done
[track_one()] Welcome
[track_one()] depth processing done
[predict()] ob_in_cams:(1, 4, 4)
[predict()] self.cfg.use_normal:False
[predict()] trans_normalizer:[0.019999999552965164, 0.019999999552965164, 0.05000000074505806], rot_normalizer:0.3490658503988659
[predict()] making cropped data
[make_crop_data_batch()] Welcome make_crop_data_batch
[make_crop_data_batch()] make tf_to_crops done
[make_crop_data_batch()] render done
[make_crop_data_batch()] warp done
[make_crop_data_batch()] pose batch data done
[predict()] forward start
[predict()] forward done
[predict()] making cropped data
[make_crop_data_batch()] Welcome make_crop_data_batch
[make_crop_data_batch()] make tf_to_crops done
[make_crop_data_batch()] render done
[make_crop_data_batch()] warp done
[make_crop_data_batch()] pose batch data done
[predict()] forward start
[predict()] forward done
[predict()] making cropped data
[make_crop_data_batch()] Welcome make_crop_data_batch
[make_crop_data_batch()] make tf_to_crops done
[make_crop_data_batch()] render done
[make_crop_data_batch()] warp done
[make_crop_data_batch()] pose batch data done
[predict()] forward start
[predict()] forward done
[predict()] making cropped data
[make_crop_data_batch()] Welcome make_crop_data_batch
[make_crop_data_batch()] make tf_to_crops done
[make_crop_data_batch()] render done
[make_crop_data_batch()] warp done
[make_crop_data_batch()] pose batch data done
[predict()] forward start
[predict()] forward done
[predict()] making cropped data
[make_crop_data_batch()] Welcome make_crop_data_batch
[make_crop_data_batch()] make tf_to_crops done
[make_crop_data_batch()] render done
[make_crop_data_batch()] warp done
[make_crop_data_batch()] pose batch data done
[predict()] forward start
[predict()] forward done
[track_one()] pose done
[track_one()] Welcome
[track_one()] depth processing done
[predict()] ob_in_cams:(1, 4, 4)
[predict()] self.cfg.use_normal:False
[predict()] trans_normalizer:[0.019999999552965164, 0.019999999552965164, 0.05000000074505806], rot_normalizer:0.3490658503988659
[predict()] making cropped data
[make_crop_data_batch()] Welcome make_crop_data_batch
[make_crop_data_batch()] make tf_to_crops done
[make_crop_data_batch()] render done
[make_crop_data_batch()] warp done
[make_crop_data_batch()] pose batch data done
[predict()] forward start
[predict()] forward done
[predict()] making cropped data
[make_crop_data_batch()] Welcome make_crop_data_batch
[make_crop_data_batch()] make tf_to_crops done
[make_crop_data_batch()] render done
[make_crop_data_batch()] warp done
[make_crop_data_batch()] pose batch data done
[predict()] forward start
[predict()] forward done
[predict()] making cropped data
[make_crop_data_batch()] Welcome make_crop_data_batch
[make_crop_data_batch()] make tf_to_crops done
[make_crop_data_batch()] render done
[make_crop_data_batch()] warp done
[make_crop_data_batch()] pose batch data done
[predict()] forward start
[predict()] forward done
[predict()] making cropped data
[make_crop_data_batch()] Welcome make_crop_data_batch
[make_crop_data_batch()] make tf_to_crops done
[make_crop_data_batch()] render done
[make_crop_data_batch()] warp done
[make_crop_data_batch()] pose batch data done
[predict()] forward start
[predict()] forward done
[predict()] making cropped data
[make_crop_data_batch()] Welcome make_crop_data_batch
[make_crop_data_batch()] make tf_to_crops done
[make_crop_data_batch()] render done
[make_crop_data_batch()] warp done
[make_crop_data_batch()] pose batch data done
[predict()] forward start
[predict()] forward done
[track_one()] pose done
[track_one()] Welcome
[track_one()] depth processing done
[predict()] ob_in_cams:(1, 4, 4)
[predict()] self.cfg.use_normal:False
[predict()] trans_normalizer:[0.019999999552965164, 0.019999999552965164, 0.05000000074505806], rot_normalizer:0.3490658503988659
[predict()] making cropped data
[make_crop_data_batch()] Welcome make_crop_data_batch
[make_crop_data_batch()] make tf_to_crops done
[make_crop_data_batch()] render done
[make_crop_data_batch()] warp done
[make_crop_data_batch()] pose batch data done
[predict()] forward start
[predict()] forward done
[predict()] making cropped data
[make_crop_data_batch()] Welcome make_crop_data_batch
[make_crop_data_batch()] make tf_to_crops done
[make_crop_data_batch()] render done
[make_crop_data_batch()] warp done
[make_crop_data_batch()] pose batch data done
[predict()] forward start
[predict()] forward done
[predict()] making cropped data
[make_crop_data_batch()] Welcome make_crop_data_batch
[make_crop_data_batch()] make tf_to_crops done
[make_crop_data_batch()] render done
[make_crop_data_batch()] warp done
[make_crop_data_batch()] pose batch data done
[predict()] forward start
[predict()] forward done
[predict()] making cropped data
[make_crop_data_batch()] Welcome make_crop_data_batch
[make_crop_data_batch()] make tf_to_crops done
[make_crop_data_batch()] render done
[make_crop_data_batch()] warp done
[make_crop_data_batch()] pose batch data done
[predict()] forward start
[predict()] forward done
[predict()] making cropped data
[make_crop_data_batch()] Welcome make_crop_data_batch
[make_crop_data_batch()] make tf_to_crops done
[make_crop_data_batch()] render done
[make_crop_data_batch()] warp done
[make_crop_data_batch()] pose batch data done
[predict()] forward start
[predict()] forward done
[track_one()] pose done
[track_one()] Welcome
[track_one()] depth processing done
[predict()] ob_in_cams:(1, 4, 4)
[predict()] self.cfg.use_normal:False
[predict()] trans_normalizer:[0.019999999552965164, 0.019999999552965164, 0.05000000074505806], rot_normalizer:0.3490658503988659
[predict()] making cropped data
[make_crop_data_batch()] Welcome make_crop_data_batch
[make_crop_data_batch()] make tf_to_crops done
[make_crop_data_batch()] render done
[make_crop_data_batch()] warp done
[make_crop_data_batch()] pose batch data done
[predict()] forward start
[predict()] forward done
[predict()] making cropped data
[make_crop_data_batch()] Welcome make_crop_data_batch
[make_crop_data_batch()] make tf_to_crops done
[make_crop_data_batch()] render done
[make_crop_data_batch()] warp done
[make_crop_data_batch()] pose batch data done
[predict()] forward start
[predict()] forward done
[predict()] making cropped data
[make_crop_data_batch()] Welcome make_crop_data_batch
[make_crop_data_batch()] make tf_to_crops done
[make_crop_data_batch()] render done
[make_crop_data_batch()] warp done
[make_crop_data_batch()] pose batch data done
[predict()] forward start
[predict()] forward done
[predict()] making cropped data
[make_crop_data_batch()] Welcome make_crop_data_batch
[make_crop_data_batch()] make tf_to_crops done
[make_crop_data_batch()] render done
[make_crop_data_batch()] warp done
[make_crop_data_batch()] pose batch data done
[predict()] forward start
[predict()] forward done
[predict()] making cropped data
[make_crop_data_batch()] Welcome make_crop_data_batch
[make_crop_data_batch()] make tf_to_crops done
[make_crop_data_batch()] render done
[make_crop_data_batch()] warp done
[make_crop_data_batch()] pose batch data done
[predict()] forward start
[predict()] forward done
[track_one()] pose done
[track_one()] Welcome
[track_one()] depth processing done
[predict()] ob_in_cams:(1, 4, 4)
[predict()] self.cfg.use_normal:False
[predict()] trans_normalizer:[0.019999999552965164, 0.019999999552965164, 0.05000000074505806], rot_normalizer:0.3490658503988659
[predict()] making cropped data
[make_crop_data_batch()] Welcome make_crop_data_batch
[make_crop_data_batch()] make tf_to_crops done
[make_crop_data_batch()] render done
[make_crop_data_batch()] warp done
[make_crop_data_batch()] pose batch data done
[predict()] forward start
[predict()] forward done
[predict()] making cropped data
[make_crop_data_batch()] Welcome make_crop_data_batch
[make_crop_data_batch()] make tf_to_crops done
[make_crop_data_batch()] render done
[make_crop_data_batch()] warp done
[make_crop_data_batch()] pose batch data done
[predict()] forward start
[predict()] forward done
[predict()] making cropped data
[make_crop_data_batch()] Welcome make_crop_data_batch
[make_crop_data_batch()] make tf_to_crops done
[make_crop_data_batch()] render done
[make_crop_data_batch()] warp done
[make_crop_data_batch()] pose batch data done
[predict()] forward start
[predict()] forward done
[predict()] making cropped data
[make_crop_data_batch()] Welcome make_crop_data_batch
[make_crop_data_batch()] make tf_to_crops done
[make_crop_data_batch()] render done
[make_crop_data_batch()] warp done
[make_crop_data_batch()] pose batch data done
[predict()] forward start
[predict()] forward done
[predict()] making cropped data
[make_crop_data_batch()] Welcome make_crop_data_batch
[make_crop_data_batch()] make tf_to_crops done
[make_crop_data_batch()] render done
[make_crop_data_batch()] warp done
[make_crop_data_batch()] pose batch data done
[predict()] forward start
[predict()] forward done
[track_one()] pose done
[track_one()] Welcome
[track_one()] depth processing done
[predict()] ob_in_cams:(1, 4, 4)
[predict()] self.cfg.use_normal:False
[predict()] trans_normalizer:[0.019999999552965164, 0.019999999552965164, 0.05000000074505806], rot_normalizer:0.3490658503988659
[predict()] making cropped data
[make_crop_data_batch()] Welcome make_crop_data_batch
[make_crop_data_batch()] make tf_to_crops done
[make_crop_data_batch()] render done
[make_crop_data_batch()] warp done
[make_crop_data_batch()] pose batch data done
[predict()] forward start
[predict()] forward done
[predict()] making cropped data
[make_crop_data_batch()] Welcome make_crop_data_batch
[make_crop_data_batch()] make tf_to_crops done
[make_crop_data_batch()] render done
[make_crop_data_batch()] warp done
[make_crop_data_batch()] pose batch data done
[predict()] forward start
[predict()] forward done
[predict()] making cropped data
[make_crop_data_batch()] Welcome make_crop_data_batch
[make_crop_data_batch()] make tf_to_crops done
[make_crop_data_batch()] render done
[make_crop_data_batch()] warp done
[make_crop_data_batch()] pose batch data done
[predict()] forward start
[predict()] forward done
[predict()] making cropped data
[make_crop_data_batch()] Welcome make_crop_data_batch
[make_crop_data_batch()] make tf_to_crops done
[make_crop_data_batch()] render done
[make_crop_data_batch()] warp done
[make_crop_data_batch()] pose batch data done
[predict()] forward start
[predict()] forward done
[predict()] making cropped data
[make_crop_data_batch()] Welcome make_crop_data_batch
[make_crop_data_batch()] make tf_to_crops done
[make_crop_data_batch()] render done
[make_crop_data_batch()] warp done
[make_crop_data_batch()] pose batch data done
[predict()] forward start
[predict()] forward done
[track_one()] pose done
[track_one()] Welcome
[track_one()] depth processing done
[predict()] ob_in_cams:(1, 4, 4)
[predict()] self.cfg.use_normal:False
[predict()] trans_normalizer:[0.019999999552965164, 0.019999999552965164, 0.05000000074505806], rot_normalizer:0.3490658503988659
[predict()] making cropped data
[make_crop_data_batch()] Welcome make_crop_data_batch
[make_crop_data_batch()] make tf_to_crops done
[make_crop_data_batch()] render done
[make_crop_data_batch()] warp done
[make_crop_data_batch()] pose batch data done
[predict()] forward start
[predict()] forward done
[predict()] making cropped data
[make_crop_data_batch()] Welcome make_crop_data_batch
[make_crop_data_batch()] make tf_to_crops done
[make_crop_data_batch()] render done
[make_crop_data_batch()] warp done
[make_crop_data_batch()] pose batch data done
[predict()] forward start
[predict()] forward done
[predict()] making cropped data
[make_crop_data_batch()] Welcome make_crop_data_batch
[make_crop_data_batch()] make tf_to_crops done
[make_crop_data_batch()] render done
[make_crop_data_batch()] warp done
[make_crop_data_batch()] pose batch data done
[predict()] forward start
[predict()] forward done
[predict()] making cropped data
[make_crop_data_batch()] Welcome make_crop_data_batch
[make_crop_data_batch()] make tf_to_crops done
[make_crop_data_batch()] render done
[make_crop_data_batch()] warp done
[make_crop_data_batch()] pose batch data done
[predict()] forward start
[predict()] forward done
[predict()] making cropped data
[make_crop_data_batch()] Welcome make_crop_data_batch
[make_crop_data_batch()] make tf_to_crops done
[make_crop_data_batch()] render done
[make_crop_data_batch()] warp done
[make_crop_data_batch()] pose batch data done
[predict()] forward start
[predict()] forward done
[track_one()] pose done
[track_one()] Welcome
[track_one()] depth processing done
[predict()] ob_in_cams:(1, 4, 4)
[predict()] self.cfg.use_normal:False
[predict()] trans_normalizer:[0.019999999552965164, 0.019999999552965164, 0.05000000074505806], rot_normalizer:0.3490658503988659
[predict()] making cropped data
[make_crop_data_batch()] Welcome make_crop_data_batch
[make_crop_data_batch()] make tf_to_crops done
[make_crop_data_batch()] render done
[make_crop_data_batch()] warp done
[make_crop_data_batch()] pose batch data done
[predict()] forward start
[predict()] forward done
[predict()] making cropped data
[make_crop_data_batch()] Welcome make_crop_data_batch
[make_crop_data_batch()] make tf_to_crops done
[make_crop_data_batch()] render done
[make_crop_data_batch()] warp done
[make_crop_data_batch()] pose batch data done
[predict()] forward start
[predict()] forward done
[predict()] making cropped data
[make_crop_data_batch()] Welcome make_crop_data_batch
[make_crop_data_batch()] make tf_to_crops done
[make_crop_data_batch()] render done
[make_crop_data_batch()] warp done
[make_crop_data_batch()] pose batch data done
[predict()] forward start
[predict()] forward done
[predict()] making cropped data
[make_crop_data_batch()] Welcome make_crop_data_batch
[make_crop_data_batch()] make tf_to_crops done
[make_crop_data_batch()] render done
[make_crop_data_batch()] warp done
[make_crop_data_batch()] pose batch data done
[predict()] forward start
[predict()] forward done
[predict()] making cropped data
[make_crop_data_batch()] Welcome make_crop_data_batch
[make_crop_data_batch()] make tf_to_crops done
[make_crop_data_batch()] render done
[make_crop_data_batch()] warp done
[make_crop_data_batch()] pose batch data done
[predict()] forward start
[predict()] forward done
[track_one()] pose done
[track_one()] Welcome
[track_one()] depth processing done
[predict()] ob_in_cams:(1, 4, 4)
[predict()] self.cfg.use_normal:False
[predict()] trans_normalizer:[0.019999999552965164, 0.019999999552965164, 0.05000000074505806], rot_normalizer:0.3490658503988659
[predict()] making cropped data
[make_crop_data_batch()] Welcome make_crop_data_batch
[make_crop_data_batch()] make tf_to_crops done
[make_crop_data_batch()] render done
[make_crop_data_batch()] warp done
[make_crop_data_batch()] pose batch data done
[predict()] forward start
[predict()] forward done
[predict()] making cropped data
[make_crop_data_batch()] Welcome make_crop_data_batch
[make_crop_data_batch()] make tf_to_crops done
[make_crop_data_batch()] render done
[make_crop_data_batch()] warp done
[make_crop_data_batch()] pose batch data done
[predict()] forward start
[predict()] forward done
[predict()] making cropped data
[make_crop_data_batch()] Welcome make_crop_data_batch
[make_crop_data_batch()] make tf_to_crops done
[make_crop_data_batch()] render done
[make_crop_data_batch()] warp done
[make_crop_data_batch()] pose batch data done
[predict()] forward start
[predict()] forward done
[predict()] making cropped data
[make_crop_data_batch()] Welcome make_crop_data_batch
[make_crop_data_batch()] make tf_to_crops done
[make_crop_data_batch()] render done
[make_crop_data_batch()] warp done
[make_crop_data_batch()] pose batch data done
[predict()] forward start
[predict()] forward done
[predict()] making cropped data
[make_crop_data_batch()] Welcome make_crop_data_batch
[make_crop_data_batch()] make tf_to_crops done
[make_crop_data_batch()] render done
[make_crop_data_batch()] warp done
[make_crop_data_batch()] pose batch data done
[predict()] forward start
[predict()] forward done
[track_one()] pose done
[track_one()] Welcome
[track_one()] depth processing done
[predict()] ob_in_cams:(1, 4, 4)
[predict()] self.cfg.use_normal:False
[predict()] trans_normalizer:[0.019999999552965164, 0.019999999552965164, 0.05000000074505806], rot_normalizer:0.3490658503988659
[predict()] making cropped data
[make_crop_data_batch()] Welcome make_crop_data_batch
[make_crop_data_batch()] make tf_to_crops done
[make_crop_data_batch()] render done
[make_crop_data_batch()] warp done
[make_crop_data_batch()] pose batch data done
[predict()] forward start
[predict()] forward done
[predict()] making cropped data
[make_crop_data_batch()] Welcome make_crop_data_batch
[make_crop_data_batch()] make tf_to_crops done
[make_crop_data_batch()] render done
[make_crop_data_batch()] warp done
[make_crop_data_batch()] pose batch data done
[predict()] forward start
[predict()] forward done
[predict()] making cropped data
[make_crop_data_batch()] Welcome make_crop_data_batch
[make_crop_data_batch()] make tf_to_crops done
[make_crop_data_batch()] render done
[make_crop_data_batch()] warp done
[make_crop_data_batch()] pose batch data done
[predict()] forward start
[predict()] forward done
[predict()] making cropped data
[make_crop_data_batch()] Welcome make_crop_data_batch
[make_crop_data_batch()] make tf_to_crops done
[make_crop_data_batch()] render done
[make_crop_data_batch()] warp done
[make_crop_data_batch()] pose batch data done
[predict()] forward start
[predict()] forward done
[predict()] making cropped data
[make_crop_data_batch()] Welcome make_crop_data_batch
[make_crop_data_batch()] make tf_to_crops done
[make_crop_data_batch()] render done
[make_crop_data_batch()] warp done
[make_crop_data_batch()] pose batch data done
[predict()] forward start
[predict()] forward done
[track_one()] pose done
[track_one()] Welcome
[track_one()] depth processing done
[predict()] ob_in_cams:(1, 4, 4)
[predict()] self.cfg.use_normal:False
[predict()] trans_normalizer:[0.019999999552965164, 0.019999999552965164, 0.05000000074505806], rot_normalizer:0.3490658503988659
[predict()] making cropped data
[make_crop_data_batch()] Welcome make_crop_data_batch
[make_crop_data_batch()] make tf_to_crops done
[make_crop_data_batch()] render done
[make_crop_data_batch()] warp done
[make_crop_data_batch()] pose batch data done
[predict()] forward start
[predict()] forward done
[predict()] making cropped data
[make_crop_data_batch()] Welcome make_crop_data_batch
[make_crop_data_batch()] make tf_to_crops done
[make_crop_data_batch()] render done
[make_crop_data_batch()] warp done
[make_crop_data_batch()] pose batch data done
[predict()] forward start
[predict()] forward done
[predict()] making cropped data
[make_crop_data_batch()] Welcome make_crop_data_batch
[make_crop_data_batch()] make tf_to_crops done
[make_crop_data_batch()] render done
[make_crop_data_batch()] warp done
[make_crop_data_batch()] pose batch data done
[predict()] forward start
[predict()] forward done
[predict()] making cropped data
[make_crop_data_batch()] Welcome make_crop_data_batch
[make_crop_data_batch()] make tf_to_crops done
[make_crop_data_batch()] render done
[make_crop_data_batch()] warp done
[make_crop_data_batch()] pose batch data done
[predict()] forward start
[predict()] forward done
[predict()] making cropped data
[make_crop_data_batch()] Welcome make_crop_data_batch
[make_crop_data_batch()] make tf_to_crops done
[make_crop_data_batch()] render done
[make_crop_data_batch()] warp done
[make_crop_data_batch()] pose batch data done
[predict()] forward start
[predict()] forward done
[track_one()] pose done
[track_one()] Welcome
[track_one()] depth processing done
[predict()] ob_in_cams:(1, 4, 4)
[predict()] self.cfg.use_normal:False
[predict()] trans_normalizer:[0.019999999552965164, 0.019999999552965164, 0.05000000074505806], rot_normalizer:0.3490658503988659
[predict()] making cropped data
[make_crop_data_batch()] Welcome make_crop_data_batch
[make_crop_data_batch()] make tf_to_crops done
[make_crop_data_batch()] render done
[make_crop_data_batch()] warp done
[make_crop_data_batch()] pose batch data done
[predict()] forward start
[predict()] forward done
[predict()] making cropped data
[make_crop_data_batch()] Welcome make_crop_data_batch
[make_crop_data_batch()] make tf_to_crops done
[make_crop_data_batch()] render done
[make_crop_data_batch()] warp done
[make_crop_data_batch()] pose batch data done
[predict()] forward start
[predict()] forward done
[predict()] making cropped data
[make_crop_data_batch()] Welcome make_crop_data_batch
[make_crop_data_batch()] make tf_to_crops done
[make_crop_data_batch()] render done
[make_crop_data_batch()] warp done
[make_crop_data_batch()] pose batch data done
[predict()] forward start
[predict()] forward done
[predict()] making cropped data
[make_crop_data_batch()] Welcome make_crop_data_batch
[make_crop_data_batch()] make tf_to_crops done
[make_crop_data_batch()] render done
[make_crop_data_batch()] warp done
[make_crop_data_batch()] pose batch data done
[predict()] forward start
[predict()] forward done
[predict()] making cropped data
[make_crop_data_batch()] Welcome make_crop_data_batch
[make_crop_data_batch()] make tf_to_crops done
[make_crop_data_batch()] render done
[make_crop_data_batch()] warp done
[make_crop_data_batch()] pose batch data done
[predict()] forward start
[predict()] forward done
[track_one()] pose done
[track_one()] Welcome
[track_one()] depth processing done
[predict()] ob_in_cams:(1, 4, 4)
[predict()] self.cfg.use_normal:False
[predict()] trans_normalizer:[0.019999999552965164, 0.019999999552965164, 0.05000000074505806], rot_normalizer:0.3490658503988659
[predict()] making cropped data
[make_crop_data_batch()] Welcome make_crop_data_batch
[make_crop_data_batch()] make tf_to_crops done
[make_crop_data_batch()] render done
[make_crop_data_batch()] warp done
[make_crop_data_batch()] pose batch data done
[predict()] forward start
[predict()] forward done
[predict()] making cropped data
[make_crop_data_batch()] Welcome make_crop_data_batch
[make_crop_data_batch()] make tf_to_crops done
[make_crop_data_batch()] render done
[make_crop_data_batch()] warp done
[make_crop_data_batch()] pose batch data done
[predict()] forward start
[predict()] forward done
[predict()] making cropped data
[make_crop_data_batch()] Welcome make_crop_data_batch
[make_crop_data_batch()] make tf_to_crops done
[make_crop_data_batch()] render done
[make_crop_data_batch()] warp done
[make_crop_data_batch()] pose batch data done
[predict()] forward start
[predict()] forward done
[predict()] making cropped data
[make_crop_data_batch()] Welcome make_crop_data_batch
[make_crop_data_batch()] make tf_to_crops done
[make_crop_data_batch()] render done
[make_crop_data_batch()] warp done
[make_crop_data_batch()] pose batch data done
[predict()] forward start
[predict()] forward done
[predict()] making cropped data
[make_crop_data_batch()] Welcome make_crop_data_batch
[make_crop_data_batch()] make tf_to_crops done
[make_crop_data_batch()] render done
[make_crop_data_batch()] warp done
[make_crop_data_batch()] pose batch data done
[predict()] forward start
[predict()] forward done
[track_one()] pose done
[track_one()] Welcome
[track_one()] depth processing done
[predict()] ob_in_cams:(1, 4, 4)
[predict()] self.cfg.use_normal:False
[predict()] trans_normalizer:[0.019999999552965164, 0.019999999552965164, 0.05000000074505806], rot_normalizer:0.3490658503988659
[predict()] making cropped data
[make_crop_data_batch()] Welcome make_crop_data_batch
[make_crop_data_batch()] make tf_to_crops done
[make_crop_data_batch()] render done
[make_crop_data_batch()] warp done
[make_crop_data_batch()] pose batch data done
[predict()] forward start
[predict()] forward done
[predict()] making cropped data
[make_crop_data_batch()] Welcome make_crop_data_batch
[make_crop_data_batch()] make tf_to_crops done
[make_crop_data_batch()] render done
[make_crop_data_batch()] warp done
[make_crop_data_batch()] pose batch data done
[predict()] forward start
[predict()] forward done
[predict()] making cropped data
[make_crop_data_batch()] Welcome make_crop_data_batch
[make_crop_data_batch()] make tf_to_crops done
[make_crop_data_batch()] render done
[make_crop_data_batch()] warp done
[make_crop_data_batch()] pose batch data done
[predict()] forward start
[predict()] forward done
[predict()] making cropped data
[make_crop_data_batch()] Welcome make_crop_data_batch
[make_crop_data_batch()] make tf_to_crops done
[make_crop_data_batch()] render done
[make_crop_data_batch()] warp done
[make_crop_data_batch()] pose batch data done
[predict()] forward start
[predict()] forward done
[predict()] making cropped data
[make_crop_data_batch()] Welcome make_crop_data_batch
[make_crop_data_batch()] make tf_to_crops done
[make_crop_data_batch()] render done
[make_crop_data_batch()] warp done
[make_crop_data_batch()] pose batch data done
[predict()] forward start
[predict()] forward done
[track_one()] pose done
[done] saved /home/ngoncharov/cvpr2026/ReLiFT-6DoF/baselines_real/results_fp/gt/shiny_box_tilt_prod.npy  (17 frames)
[run]  gt / teabox_tilt_prod  mesh=/home/ngoncharov/cvpr2026/FoundationPose/bundlesdf/output_lift_prod/teabox_ref_prod/model.obj
[reset_object()] self.diameter:0.1976639361709963, vox_size:0.009883196808549816
[reset_object()] self.pts:torch.Size([1460, 3])
[reset_object()] reset done
[register()] Welcome
[register()] poses:(252, 4, 4)
[register()] after viewpoint, add_errs min:-1.0
[predict()] ob_in_cams:(252, 4, 4)
[predict()] self.cfg.use_normal:False
[predict()] trans_normalizer:[0.019999999552965164, 0.019999999552965164, 0.05000000074505806], rot_normalizer:0.3490658503988659
[predict()] making cropped data
[make_crop_data_batch()] Welcome make_crop_data_batch
[make_crop_data_batch()] make tf_to_crops done
[make_crop_data_batch()] render done
[make_crop_data_batch()] warp done
[make_crop_data_batch()] pose batch data done
[predict()] forward start
[predict()] forward done
[predict()] making cropped data
[make_crop_data_batch()] Welcome make_crop_data_batch
[make_crop_data_batch()] make tf_to_crops done
[make_crop_data_batch()] render done
[make_crop_data_batch()] warp done
[make_crop_data_batch()] pose batch data done
[predict()] forward start
[predict()] forward done
[predict()] making cropped data
[make_crop_data_batch()] Welcome make_crop_data_batch
[make_crop_data_batch()] make tf_to_crops done
[make_crop_data_batch()] render done
[make_crop_data_batch()] warp done
[make_crop_data_batch()] pose batch data done
[predict()] forward start
[predict()] forward done
[predict()] making cropped data
[make_crop_data_batch()] Welcome make_crop_data_batch
[make_crop_data_batch()] make tf_to_crops done
[make_crop_data_batch()] render done
[make_crop_data_batch()] warp done
[make_crop_data_batch()] pose batch data done
[predict()] forward start
[predict()] forward done
[predict()] making cropped data
[make_crop_data_batch()] Welcome make_crop_data_batch
[make_crop_data_batch()] make tf_to_crops done
[make_crop_data_batch()] render done
[make_crop_data_batch()] warp done
[make_crop_data_batch()] pose batch data done
[predict()] forward start
[predict()] forward done
[predict()] ob_in_cams:(252, 4, 4)
[predict()] self.cfg.use_normal:False
[predict()] making cropped data
[make_crop_data_batch()] Welcome make_crop_data_batch
[make_crop_data_batch()] make tf_to_crops done
[make_crop_data_batch()] render done
[make_crop_data_batch()] pose batch data done
[find_best_among_pairs()] pose_data.rgbAs.shape[0]: 252
[predict()] forward done
[register()] final, add_errs min:-1.0
[register()] sort ids:tensor([  0,  72, 102, 132, 137,   6,  11,  42,  77, 131, 221,  47,  96, 203,
        126,   5,  84,  23, 114, 120, 161,  90,  41,  78,  17, 125,  36,  12,
         83, 155,  18, 149, 209, 192,  53, 144, 197, 228,  48,  54, 215, 162,
        167, 204, 168, 222, 210, 150,   2,  60, 177, 179, 246, 174, 251,  20,
         98, 117, 173,   3,  66,  86,  99, 153, 183,  93, 147, 198, 243, 123,
        207,  21,  65,  80,  15,  32, 230, 156, 216,  56, 201,  87,  92, 182,
         26,  57,  69, 225, 104, 129, 170, 242,  27, 236, 237, 189, 224,   9,
         81, 249,  33,   8,  68, 119, 248,  75, 105, 233,  14, 176, 188,  74,
         51,  34, 231, 194, 195, 171, 218,  59,  44, 141, 165, 219,  50,  95,
        135,  43,  63, 128, 142, 158, 185, 206,  45, 164, 186,  46, 116, 134,
        146, 159, 212, 107, 109, 138, 234,  37,  38,  39, 143, 163, 200,  29,
        130, 139, 180, 213, 217,  30,  40, 214, 140, 157, 160,  62, 227, 122,
        191,  24,  35,  71,  89, 101, 166, 239, 240, 151, 190, 245, 193, 220,
         10,  25, 208,   7,  91, 113, 187,  73, 111, 152, 238,  19, 118, 124,
        205, 211, 133, 241, 154, 169, 175,  13,  52, 136, 235, 112, 184,  67,
         88,  16, 103, 181,  28, 121, 247,  64, 244, 148, 172,   1,  55,  85,
        106,  31,  79, 196, 178, 199, 127,  58,  97, 110, 250, 115,   4,  22,
        232, 100, 108, 145, 226,  82,  49,  61,  70,  76,  94, 229, 223, 202])
[register()] sorted scores:tensor([110.5938, 110.5938, 110.5938, 110.5938, 110.5938, 110.5859, 110.5859,
        110.5859, 110.5859, 110.5859, 110.5859, 110.5781, 110.5781, 110.5781,
        110.5703, 110.5625, 110.4062, 110.3828, 110.3750, 110.3750, 110.3750,
        110.3672, 110.3594, 110.3594, 110.3516, 110.3516, 110.3438, 110.3359,
        110.3359, 110.3359, 110.3047, 110.3047, 110.3047, 110.2969, 110.2812,
        110.2812, 110.2812, 110.2812, 110.2734, 110.2734, 110.2734, 110.2656,
        110.2656, 110.2656, 110.2578, 110.2578, 110.2500, 110.2422, 110.2344,
        110.2266, 110.2266, 110.2266, 110.2266, 110.2188, 110.2188, 110.2109,
        110.2109, 110.2109, 110.2109, 110.2031, 110.2031, 110.2031, 110.2031,
        110.2031, 110.2031, 110.1953, 110.1953, 110.1953, 110.1953, 110.1875,
        110.1875, 110.1797, 110.1797, 110.1797, 110.1719, 110.1719, 110.1719,
        110.1641, 110.1641, 110.1562, 110.1562, 110.1484, 110.1484, 110.1484,
        110.1406, 110.1406, 110.1406, 110.1406, 110.1328, 110.1250, 110.1250,
        110.1250, 110.1172, 110.1172, 110.1172, 110.1094, 110.1094, 110.1016,
        110.1016, 110.1016, 110.0938, 110.0859, 110.0859, 110.0859, 110.0859,
        110.0781, 110.0625, 110.0625, 110.0547, 110.0547, 110.0547, 110.0469,
        110.0391, 110.0156, 110.0156, 110.0000, 110.0000, 109.9844, 109.8906,
        109.8828, 109.8750, 109.8594, 109.8516, 109.8516, 109.8438, 109.8438,
        109.8438, 109.8359, 109.8359, 109.8359, 109.8359, 109.8359, 109.8359,
        109.8359, 109.8281, 109.8281, 109.8281, 109.8203, 109.8203, 109.8203,
        109.8203, 109.8203, 109.8203, 109.8125, 109.8125, 109.8125, 109.8125,
        109.8047, 109.8047, 109.8047, 109.8047, 109.8047, 109.8047, 109.7969,
        109.7969, 109.7969, 109.7969, 109.7969, 109.7969, 109.7891, 109.7891,
        109.7891, 109.7812, 109.7812, 109.7812, 109.7734, 109.7734, 109.7656,
        109.7656, 109.7578, 109.7578, 109.7578, 109.7578, 109.7578, 109.7578,
        109.7578, 109.7500, 109.7266, 109.7266, 109.7266, 109.7188, 109.7188,
        109.7109, 109.7109, 109.7109, 109.7031, 109.7031, 109.7031, 109.7031,
        109.6953, 109.6953, 109.6953, 109.6953, 109.6875, 109.6875, 109.6875,
        109.6875, 109.6875, 109.6797, 109.6797, 109.6719, 109.6719, 109.6719,
        109.6641, 109.6641, 109.6641, 109.6641, 109.6562, 109.6562, 109.6484,
        109.6484, 109.6406, 109.6406, 109.6406, 109.6328, 109.6328, 109.6328,
        109.6250, 109.6250, 109.6172, 109.6172, 109.6094, 109.6094, 109.6094,
        109.6094, 109.6016, 109.6016, 109.6016, 109.5938, 109.5938, 109.5859,
        109.5781, 109.5781, 109.5781, 109.5781, 109.5703, 109.5625, 109.5625,
        109.5625, 109.5547, 109.5547, 109.5547, 109.5547, 109.5469, 109.5391,
        109.5391, 109.5391, 109.5312, 109.5312, 109.5234, 109.4766, 109.4531])
[track_one()] Welcome
[track_one()] depth processing done
[predict()] ob_in_cams:(1, 4, 4)
[predict()] self.cfg.use_normal:False
[predict()] trans_normalizer:[0.019999999552965164, 0.019999999552965164, 0.05000000074505806], rot_normalizer:0.3490658503988659
[predict()] making cropped data
[make_crop_data_batch()] Welcome make_crop_data_batch
[make_crop_data_batch()] make tf_to_crops done
[make_crop_data_batch()] render done
[make_crop_data_batch()] warp done
[make_crop_data_batch()] pose batch data done
[predict()] forward start
[predict()] forward done
[predict()] making cropped data
[make_crop_data_batch()] Welcome make_crop_data_batch
[make_crop_data_batch()] make tf_to_crops done
[make_crop_data_batch()] render done
[make_crop_data_batch()] warp done
[make_crop_data_batch()] pose batch data done
[predict()] forward start
[predict()] forward done
[predict()] making cropped data
[make_crop_data_batch()] Welcome make_crop_data_batch
[make_crop_data_batch()] make tf_to_crops done
[make_crop_data_batch()] render done
[make_crop_data_batch()] warp done
[make_crop_data_batch()] pose batch data done
[predict()] forward start
[predict()] forward done
[predict()] making cropped data
[make_crop_data_batch()] Welcome make_crop_data_batch
[make_crop_data_batch()] make tf_to_crops done
[make_crop_data_batch()] render done
[make_crop_data_batch()] warp done
[make_crop_data_batch()] pose batch data done
[predict()] forward start
[predict()] forward done
[predict()] making cropped data
[make_crop_data_batch()] Welcome make_crop_data_batch
[make_crop_data_batch()] make tf_to_crops done
[make_crop_data_batch()] render done
[make_crop_data_batch()] warp done
[make_crop_data_batch()] pose batch data done
[predict()] forward start
[predict()] forward done
[track_one()] pose done
[track_one()] Welcome
[track_one()] depth processing done
[predict()] ob_in_cams:(1, 4, 4)
[predict()] self.cfg.use_normal:False
[predict()] trans_normalizer:[0.019999999552965164, 0.019999999552965164, 0.05000000074505806], rot_normalizer:0.3490658503988659
[predict()] making cropped data
[make_crop_data_batch()] Welcome make_crop_data_batch
[make_crop_data_batch()] make tf_to_crops done
[make_crop_data_batch()] render done
[make_crop_data_batch()] warp done
[make_crop_data_batch()] pose batch data done
[predict()] forward start
[predict()] forward done
[predict()] making cropped data
[make_crop_data_batch()] Welcome make_crop_data_batch
[make_crop_data_batch()] make tf_to_crops done
[make_crop_data_batch()] render done
[make_crop_data_batch()] warp done
[make_crop_data_batch()] pose batch data done
[predict()] forward start
[predict()] forward done
[predict()] making cropped data
[make_crop_data_batch()] Welcome make_crop_data_batch
[make_crop_data_batch()] make tf_to_crops done
[make_crop_data_batch()] render done
[make_crop_data_batch()] warp done
[make_crop_data_batch()] pose batch data done
[predict()] forward start
[predict()] forward done
[predict()] making cropped data
[make_crop_data_batch()] Welcome make_crop_data_batch
[make_crop_data_batch()] make tf_to_crops done
[make_crop_data_batch()] render done
[make_crop_data_batch()] warp done
[make_crop_data_batch()] pose batch data done
[predict()] forward start
[predict()] forward done
[predict()] making cropped data
[make_crop_data_batch()] Welcome make_crop_data_batch
[make_crop_data_batch()] make tf_to_crops done
[make_crop_data_batch()] render done
[make_crop_data_batch()] warp done
[make_crop_data_batch()] pose batch data done
[predict()] forward start
[predict()] forward done
[track_one()] pose done
[track_one()] Welcome
[track_one()] depth processing done
[predict()] ob_in_cams:(1, 4, 4)
[predict()] self.cfg.use_normal:False
[predict()] trans_normalizer:[0.019999999552965164, 0.019999999552965164, 0.05000000074505806], rot_normalizer:0.3490658503988659
[predict()] making cropped data
[make_crop_data_batch()] Welcome make_crop_data_batch
[make_crop_data_batch()] make tf_to_crops done
[make_crop_data_batch()] render done
[make_crop_data_batch()] warp done
[make_crop_data_batch()] pose batch data done
[predict()] forward start
[predict()] forward done
[predict()] making cropped data
[make_crop_data_batch()] Welcome make_crop_data_batch
[make_crop_data_batch()] make tf_to_crops done
[make_crop_data_batch()] render done
[make_crop_data_batch()] warp done
[make_crop_data_batch()] pose batch data done
[predict()] forward start
[predict()] forward done
[predict()] making cropped data
[make_crop_data_batch()] Welcome make_crop_data_batch
[make_crop_data_batch()] make tf_to_crops done
[make_crop_data_batch()] render done
[make_crop_data_batch()] warp done
[make_crop_data_batch()] pose batch data done
[predict()] forward start
[predict()] forward done
[predict()] making cropped data
[make_crop_data_batch()] Welcome make_crop_data_batch
[make_crop_data_batch()] make tf_to_crops done
[make_crop_data_batch()] render done
[make_crop_data_batch()] warp done
[make_crop_data_batch()] pose batch data done
[predict()] forward start
[predict()] forward done
[predict()] making cropped data
[make_crop_data_batch()] Welcome make_crop_data_batch
[make_crop_data_batch()] make tf_to_crops done
[make_crop_data_batch()] render done
[make_crop_data_batch()] warp done
[make_crop_data_batch()] pose batch data done
[predict()] forward start
[predict()] forward done
[track_one()] pose done
[track_one()] Welcome
[track_one()] depth processing done
[predict()] ob_in_cams:(1, 4, 4)
[predict()] self.cfg.use_normal:False
[predict()] trans_normalizer:[0.019999999552965164, 0.019999999552965164, 0.05000000074505806], rot_normalizer:0.3490658503988659
[predict()] making cropped data
[make_crop_data_batch()] Welcome make_crop_data_batch
[make_crop_data_batch()] make tf_to_crops done
[make_crop_data_batch()] render done
[make_crop_data_batch()] warp done
[make_crop_data_batch()] pose batch data done
[predict()] forward start
[predict()] forward done
[predict()] making cropped data
[make_crop_data_batch()] Welcome make_crop_data_batch
[make_crop_data_batch()] make tf_to_crops done
[make_crop_data_batch()] render done
[make_crop_data_batch()] warp done
[make_crop_data_batch()] pose batch data done
[predict()] forward start
[predict()] forward done
[predict()] making cropped data
[make_crop_data_batch()] Welcome make_crop_data_batch
[make_crop_data_batch()] make tf_to_crops done
[make_crop_data_batch()] render done
[make_crop_data_batch()] warp done
[make_crop_data_batch()] pose batch data done
[predict()] forward start
[predict()] forward done
[predict()] making cropped data
[make_crop_data_batch()] Welcome make_crop_data_batch
[make_crop_data_batch()] make tf_to_crops done
[make_crop_data_batch()] render done
[make_crop_data_batch()] warp done
[make_crop_data_batch()] pose batch data done
[predict()] forward start
[predict()] forward done
[predict()] making cropped data
[make_crop_data_batch()] Welcome make_crop_data_batch
[make_crop_data_batch()] make tf_to_crops done
[make_crop_data_batch()] render done
[make_crop_data_batch()] warp done
[make_crop_data_batch()] pose batch data done
[predict()] forward start
[predict()] forward done
[track_one()] pose done
[track_one()] Welcome
[track_one()] depth processing done
[predict()] ob_in_cams:(1, 4, 4)
[predict()] self.cfg.use_normal:False
[predict()] trans_normalizer:[0.019999999552965164, 0.019999999552965164, 0.05000000074505806], rot_normalizer:0.3490658503988659
[predict()] making cropped data
[make_crop_data_batch()] Welcome make_crop_data_batch
[make_crop_data_batch()] make tf_to_crops done
[make_crop_data_batch()] render done
[make_crop_data_batch()] warp done
[make_crop_data_batch()] pose batch data done
[predict()] forward start
[predict()] forward done
[predict()] making cropped data
[make_crop_data_batch()] Welcome make_crop_data_batch
[make_crop_data_batch()] make tf_to_crops done
[make_crop_data_batch()] render done
[make_crop_data_batch()] warp done
[make_crop_data_batch()] pose batch data done
[predict()] forward start
[predict()] forward done
[predict()] making cropped data
[make_crop_data_batch()] Welcome make_crop_data_batch
[make_crop_data_batch()] make tf_to_crops done
[make_crop_data_batch()] render done
[make_crop_data_batch()] warp done
[make_crop_data_batch()] pose batch data done
[predict()] forward start
[predict()] forward done
[predict()] making cropped data
[make_crop_data_batch()] Welcome make_crop_data_batch
[make_crop_data_batch()] make tf_to_crops done
[make_crop_data_batch()] render done
[make_crop_data_batch()] warp done
[make_crop_data_batch()] pose batch data done
[predict()] forward start
[predict()] forward done
[predict()] making cropped data
[make_crop_data_batch()] Welcome make_crop_data_batch
[make_crop_data_batch()] make tf_to_crops done
[make_crop_data_batch()] render done
[make_crop_data_batch()] warp done
[make_crop_data_batch()] pose batch data done
[predict()] forward start
[predict()] forward done
[track_one()] pose done
[track_one()] Welcome
[track_one()] depth processing done
[predict()] ob_in_cams:(1, 4, 4)
[predict()] self.cfg.use_normal:False
[predict()] trans_normalizer:[0.019999999552965164, 0.019999999552965164, 0.05000000074505806], rot_normalizer:0.3490658503988659
[predict()] making cropped data
[make_crop_data_batch()] Welcome make_crop_data_batch
[make_crop_data_batch()] make tf_to_crops done
[make_crop_data_batch()] render done
[make_crop_data_batch()] warp done
[make_crop_data_batch()] pose batch data done
[predict()] forward start
[predict()] forward done
[predict()] making cropped data
[make_crop_data_batch()] Welcome make_crop_data_batch
[make_crop_data_batch()] make tf_to_crops done
[make_crop_data_batch()] render done
[make_crop_data_batch()] warp done
[make_crop_data_batch()] pose batch data done
[predict()] forward start
[predict()] forward done
[predict()] making cropped data
[make_crop_data_batch()] Welcome make_crop_data_batch
[make_crop_data_batch()] make tf_to_crops done
[make_crop_data_batch()] render done
[make_crop_data_batch()] warp done
[make_crop_data_batch()] pose batch data done
[predict()] forward start
[predict()] forward done
[predict()] making cropped data
[make_crop_data_batch()] Welcome make_crop_data_batch
[make_crop_data_batch()] make tf_to_crops done
[make_crop_data_batch()] render done
[make_crop_data_batch()] warp done
[make_crop_data_batch()] pose batch data done
[predict()] forward start
[predict()] forward done
[predict()] making cropped data
[make_crop_data_batch()] Welcome make_crop_data_batch
[make_crop_data_batch()] make tf_to_crops done
[make_crop_data_batch()] render done
[make_crop_data_batch()] warp done
[make_crop_data_batch()] pose batch data done
[predict()] forward start
[predict()] forward done
[track_one()] pose done
[track_one()] Welcome
[track_one()] depth processing done
[predict()] ob_in_cams:(1, 4, 4)
[predict()] self.cfg.use_normal:False
[predict()] trans_normalizer:[0.019999999552965164, 0.019999999552965164, 0.05000000074505806], rot_normalizer:0.3490658503988659
[predict()] making cropped data
[make_crop_data_batch()] Welcome make_crop_data_batch
[make_crop_data_batch()] make tf_to_crops done
[make_crop_data_batch()] render done
[make_crop_data_batch()] warp done
[make_crop_data_batch()] pose batch data done
[predict()] forward start
[predict()] forward done
[predict()] making cropped data
[make_crop_data_batch()] Welcome make_crop_data_batch
[make_crop_data_batch()] make tf_to_crops done
[make_crop_data_batch()] render done
[make_crop_data_batch()] warp done
[make_crop_data_batch()] pose batch data done
[predict()] forward start
[predict()] forward done
[predict()] making cropped data
[make_crop_data_batch()] Welcome make_crop_data_batch
[make_crop_data_batch()] make tf_to_crops done
[make_crop_data_batch()] render done
[make_crop_data_batch()] warp done
[make_crop_data_batch()] pose batch data done
[predict()] forward start
[predict()] forward done
[predict()] making cropped data
[make_crop_data_batch()] Welcome make_crop_data_batch
[make_crop_data_batch()] make tf_to_crops done
[make_crop_data_batch()] render done
[make_crop_data_batch()] warp done
[make_crop_data_batch()] pose batch data done
[predict()] forward start
[predict()] forward done
[predict()] making cropped data
[make_crop_data_batch()] Welcome make_crop_data_batch
[make_crop_data_batch()] make tf_to_crops done
[make_crop_data_batch()] render done
[make_crop_data_batch()] warp done
[make_crop_data_batch()] pose batch data done
[predict()] forward start
[predict()] forward done
[track_one()] pose done
[track_one()] Welcome
[track_one()] depth processing done
[predict()] ob_in_cams:(1, 4, 4)
[predict()] self.cfg.use_normal:False
[predict()] trans_normalizer:[0.019999999552965164, 0.019999999552965164, 0.05000000074505806], rot_normalizer:0.3490658503988659
[predict()] making cropped data
[make_crop_data_batch()] Welcome make_crop_data_batch
[make_crop_data_batch()] make tf_to_crops done
[make_crop_data_batch()] render done
[make_crop_data_batch()] warp done
[make_crop_data_batch()] pose batch data done
[predict()] forward start
[predict()] forward done
[predict()] making cropped data
[make_crop_data_batch()] Welcome make_crop_data_batch
[make_crop_data_batch()] make tf_to_crops done
[make_crop_data_batch()] render done
[make_crop_data_batch()] warp done
[make_crop_data_batch()] pose batch data done
[predict()] forward start
[predict()] forward done
[predict()] making cropped data
[make_crop_data_batch()] Welcome make_crop_data_batch
[make_crop_data_batch()] make tf_to_crops done
[make_crop_data_batch()] render done
[make_crop_data_batch()] warp done
[make_crop_data_batch()] pose batch data done
[predict()] forward start
[predict()] forward done
[predict()] making cropped data
[make_crop_data_batch()] Welcome make_crop_data_batch
[make_crop_data_batch()] make tf_to_crops done
[make_crop_data_batch()] render done
[make_crop_data_batch()] warp done
[make_crop_data_batch()] pose batch data done
[predict()] forward start
[predict()] forward done
[predict()] making cropped data
[make_crop_data_batch()] Welcome make_crop_data_batch
[make_crop_data_batch()] make tf_to_crops done
[make_crop_data_batch()] render done
[make_crop_data_batch()] warp done
[make_crop_data_batch()] pose batch data done
[predict()] forward start
[predict()] forward done
[track_one()] pose done
[track_one()] Welcome
[track_one()] depth processing done
[predict()] ob_in_cams:(1, 4, 4)
[predict()] self.cfg.use_normal:False
[predict()] trans_normalizer:[0.019999999552965164, 0.019999999552965164, 0.05000000074505806], rot_normalizer:0.3490658503988659
[predict()] making cropped data
[make_crop_data_batch()] Welcome make_crop_data_batch
[make_crop_data_batch()] make tf_to_crops done
[make_crop_data_batch()] render done
[make_crop_data_batch()] warp done
[make_crop_data_batch()] pose batch data done
[predict()] forward start
[predict()] forward done
[predict()] making cropped data
[make_crop_data_batch()] Welcome make_crop_data_batch
[make_crop_data_batch()] make tf_to_crops done
[make_crop_data_batch()] render done
[make_crop_data_batch()] warp done
[make_crop_data_batch()] pose batch data done
[predict()] forward start
[predict()] forward done
[predict()] making cropped data
[make_crop_data_batch()] Welcome make_crop_data_batch
[make_crop_data_batch()] make tf_to_crops done
[make_crop_data_batch()] render done
[make_crop_data_batch()] warp done
[make_crop_data_batch()] pose batch data done
[predict()] forward start
[predict()] forward done
[predict()] making cropped data
[make_crop_data_batch()] Welcome make_crop_data_batch
[make_crop_data_batch()] make tf_to_crops done
[make_crop_data_batch()] render done
[make_crop_data_batch()] warp done
[make_crop_data_batch()] pose batch data done
[predict()] forward start
[predict()] forward done
[predict()] making cropped data
[make_crop_data_batch()] Welcome make_crop_data_batch
[make_crop_data_batch()] make tf_to_crops done
[make_crop_data_batch()] render done
[make_crop_data_batch()] warp done
[make_crop_data_batch()] pose batch data done
[predict()] forward start
[predict()] forward done
[track_one()] pose done
[track_one()] Welcome
[track_one()] depth processing done
[predict()] ob_in_cams:(1, 4, 4)
[predict()] self.cfg.use_normal:False
[predict()] trans_normalizer:[0.019999999552965164, 0.019999999552965164, 0.05000000074505806], rot_normalizer:0.3490658503988659
[predict()] making cropped data
[make_crop_data_batch()] Welcome make_crop_data_batch
[make_crop_data_batch()] make tf_to_crops done
[make_crop_data_batch()] render done
[make_crop_data_batch()] warp done
[make_crop_data_batch()] pose batch data done
[predict()] forward start
[predict()] forward done
[predict()] making cropped data
[make_crop_data_batch()] Welcome make_crop_data_batch
[make_crop_data_batch()] make tf_to_crops done
[make_crop_data_batch()] render done
[make_crop_data_batch()] warp done
[make_crop_data_batch()] pose batch data done
[predict()] forward start
[predict()] forward done
[predict()] making cropped data
[make_crop_data_batch()] Welcome make_crop_data_batch
[make_crop_data_batch()] make tf_to_crops done
[make_crop_data_batch()] render done
[make_crop_data_batch()] warp done
[make_crop_data_batch()] pose batch data done
[predict()] forward start
[predict()] forward done
[predict()] making cropped data
[make_crop_data_batch()] Welcome make_crop_data_batch
[make_crop_data_batch()] make tf_to_crops done
[make_crop_data_batch()] render done
[make_crop_data_batch()] warp done
[make_crop_data_batch()] pose batch data done
[predict()] forward start
[predict()] forward done
[predict()] making cropped data
[make_crop_data_batch()] Welcome make_crop_data_batch
[make_crop_data_batch()] make tf_to_crops done
[make_crop_data_batch()] render done
[make_crop_data_batch()] warp done
[make_crop_data_batch()] pose batch data done
[predict()] forward start
[predict()] forward done
[track_one()] pose done
[track_one()] Welcome
[track_one()] depth processing done
[predict()] ob_in_cams:(1, 4, 4)
[predict()] self.cfg.use_normal:False
[predict()] trans_normalizer:[0.019999999552965164, 0.019999999552965164, 0.05000000074505806], rot_normalizer:0.3490658503988659
[predict()] making cropped data
[make_crop_data_batch()] Welcome make_crop_data_batch
[make_crop_data_batch()] make tf_to_crops done
[make_crop_data_batch()] render done
[make_crop_data_batch()] warp done
[make_crop_data_batch()] pose batch data done
[predict()] forward start
[predict()] forward done
[predict()] making cropped data
[make_crop_data_batch()] Welcome make_crop_data_batch
[make_crop_data_batch()] make tf_to_crops done
[make_crop_data_batch()] render done
[make_crop_data_batch()] warp done
[make_crop_data_batch()] pose batch data done
[predict()] forward start
[predict()] forward done
[predict()] making cropped data
[make_crop_data_batch()] Welcome make_crop_data_batch
[make_crop_data_batch()] make tf_to_crops done
[make_crop_data_batch()] render done
[make_crop_data_batch()] warp done
[make_crop_data_batch()] pose batch data done
[predict()] forward start
[predict()] forward done
[predict()] making cropped data
[make_crop_data_batch()] Welcome make_crop_data_batch
[make_crop_data_batch()] make tf_to_crops done
[make_crop_data_batch()] render done
[make_crop_data_batch()] warp done
[make_crop_data_batch()] pose batch data done
[predict()] forward start
[predict()] forward done
[predict()] making cropped data
[make_crop_data_batch()] Welcome make_crop_data_batch
[make_crop_data_batch()] make tf_to_crops done
[make_crop_data_batch()] render done
[make_crop_data_batch()] warp done
[make_crop_data_batch()] pose batch data done
[predict()] forward start
[predict()] forward done
[track_one()] pose done
[track_one()] Welcome
[track_one()] depth processing done
[predict()] ob_in_cams:(1, 4, 4)
[predict()] self.cfg.use_normal:False
[predict()] trans_normalizer:[0.019999999552965164, 0.019999999552965164, 0.05000000074505806], rot_normalizer:0.3490658503988659
[predict()] making cropped data
[make_crop_data_batch()] Welcome make_crop_data_batch
[make_crop_data_batch()] make tf_to_crops done
[make_crop_data_batch()] render done
[make_crop_data_batch()] warp done
[make_crop_data_batch()] pose batch data done
[predict()] forward start
[predict()] forward done
[predict()] making cropped data
[make_crop_data_batch()] Welcome make_crop_data_batch
[make_crop_data_batch()] make tf_to_crops done
[make_crop_data_batch()] render done
[make_crop_data_batch()] warp done
[make_crop_data_batch()] pose batch data done
[predict()] forward start
[predict()] forward done
[predict()] making cropped data
[make_crop_data_batch()] Welcome make_crop_data_batch
[make_crop_data_batch()] make tf_to_crops done
[make_crop_data_batch()] render done
[make_crop_data_batch()] warp done
[make_crop_data_batch()] pose batch data done
[predict()] forward start
[predict()] forward done
[predict()] making cropped data
[make_crop_data_batch()] Welcome make_crop_data_batch
[make_crop_data_batch()] make tf_to_crops done
[make_crop_data_batch()] render done
[make_crop_data_batch()] warp done
[make_crop_data_batch()] pose batch data done
[predict()] forward start
[predict()] forward done
[predict()] making cropped data
[make_crop_data_batch()] Welcome make_crop_data_batch
[make_crop_data_batch()] make tf_to_crops done
[make_crop_data_batch()] render done
[make_crop_data_batch()] warp done
[make_crop_data_batch()] pose batch data done
[predict()] forward start
[predict()] forward done
[track_one()] pose done
[track_one()] Welcome
[track_one()] depth processing done
[predict()] ob_in_cams:(1, 4, 4)
[predict()] self.cfg.use_normal:False
[predict()] trans_normalizer:[0.019999999552965164, 0.019999999552965164, 0.05000000074505806], rot_normalizer:0.3490658503988659
[predict()] making cropped data
[make_crop_data_batch()] Welcome make_crop_data_batch
[make_crop_data_batch()] make tf_to_crops done
[make_crop_data_batch()] render done
[make_crop_data_batch()] warp done
[make_crop_data_batch()] pose batch data done
[predict()] forward start
[predict()] forward done
[predict()] making cropped data
[make_crop_data_batch()] Welcome make_crop_data_batch
[make_crop_data_batch()] make tf_to_crops done
[make_crop_data_batch()] render done
[make_crop_data_batch()] warp done
[make_crop_data_batch()] pose batch data done
[predict()] forward start
[predict()] forward done
[predict()] making cropped data
[make_crop_data_batch()] Welcome make_crop_data_batch
[make_crop_data_batch()] make tf_to_crops done
[make_crop_data_batch()] render done
[make_crop_data_batch()] warp done
[make_crop_data_batch()] pose batch data done
[predict()] forward start
[predict()] forward done
[predict()] making cropped data
[make_crop_data_batch()] Welcome make_crop_data_batch
[make_crop_data_batch()] make tf_to_crops done
[make_crop_data_batch()] render done
[make_crop_data_batch()] warp done
[make_crop_data_batch()] pose batch data done
[predict()] forward start
[predict()] forward done
[predict()] making cropped data
[make_crop_data_batch()] Welcome make_crop_data_batch
[make_crop_data_batch()] make tf_to_crops done
[make_crop_data_batch()] render done
[make_crop_data_batch()] warp done
[make_crop_data_batch()] pose batch data done
[predict()] forward start
[predict()] forward done
[track_one()] pose done
[track_one()] Welcome
[track_one()] depth processing done
[predict()] ob_in_cams:(1, 4, 4)
[predict()] self.cfg.use_normal:False
[predict()] trans_normalizer:[0.019999999552965164, 0.019999999552965164, 0.05000000074505806], rot_normalizer:0.3490658503988659
[predict()] making cropped data
[make_crop_data_batch()] Welcome make_crop_data_batch
[make_crop_data_batch()] make tf_to_crops done
[make_crop_data_batch()] render done
[make_crop_data_batch()] warp done
[make_crop_data_batch()] pose batch data done
[predict()] forward start
[predict()] forward done
[predict()] making cropped data
[make_crop_data_batch()] Welcome make_crop_data_batch
[make_crop_data_batch()] make tf_to_crops done
[make_crop_data_batch()] render done
[make_crop_data_batch()] warp done
[make_crop_data_batch()] pose batch data done
[predict()] forward start
[predict()] forward done
[predict()] making cropped data
[make_crop_data_batch()] Welcome make_crop_data_batch
[make_crop_data_batch()] make tf_to_crops done
[make_crop_data_batch()] render done
[make_crop_data_batch()] warp done
[make_crop_data_batch()] pose batch data done
[predict()] forward start
[predict()] forward done
[predict()] making cropped data
[make_crop_data_batch()] Welcome make_crop_data_batch
[make_crop_data_batch()] make tf_to_crops done
[make_crop_data_batch()] render done
[make_crop_data_batch()] warp done
[make_crop_data_batch()] pose batch data done
[predict()] forward start
[predict()] forward done
[predict()] making cropped data
[make_crop_data_batch()] Welcome make_crop_data_batch
[make_crop_data_batch()] make tf_to_crops done
[make_crop_data_batch()] render done
[make_crop_data_batch()] warp done
[make_crop_data_batch()] pose batch data done
[predict()] forward start
[predict()] forward done
[track_one()] pose done
[done] saved /home/ngoncharov/cvpr2026/ReLiFT-6DoF/baselines_real/results_fp/gt/teabox_tilt_prod.npy  (15 frames)
[run]  gt / teabox_translation_prod  mesh=/home/ngoncharov/cvpr2026/FoundationPose/bundlesdf/output_lift_prod/teabox_ref_prod/model.obj
[reset_object()] self.diameter:0.1976639361709963, vox_size:0.009883196808549816
[reset_object()] self.pts:torch.Size([1460, 3])
[reset_object()] reset done
[register()] Welcome
[register()] poses:(252, 4, 4)
[register()] after viewpoint, add_errs min:-1.0
[predict()] ob_in_cams:(252, 4, 4)
[predict()] self.cfg.use_normal:False
[predict()] trans_normalizer:[0.019999999552965164, 0.019999999552965164, 0.05000000074505806], rot_normalizer:0.3490658503988659
[predict()] making cropped data
[make_crop_data_batch()] Welcome make_crop_data_batch
[make_crop_data_batch()] make tf_to_crops done
[make_crop_data_batch()] render done
[make_crop_data_batch()] warp done
[make_crop_data_batch()] pose batch data done
[predict()] forward start
[predict()] forward done
[predict()] making cropped data
[make_crop_data_batch()] Welcome make_crop_data_batch
[make_crop_data_batch()] make tf_to_crops done
[make_crop_data_batch()] render done
[make_crop_data_batch()] warp done
[make_crop_data_batch()] pose batch data done
[predict()] forward start
[predict()] forward done
[predict()] making cropped data
[make_crop_data_batch()] Welcome make_crop_data_batch
[make_crop_data_batch()] make tf_to_crops done
[make_crop_data_batch()] render done
[make_crop_data_batch()] warp done
[make_crop_data_batch()] pose batch data done
[predict()] forward start
[predict()] forward done
[predict()] making cropped data
[make_crop_data_batch()] Welcome make_crop_data_batch
[make_crop_data_batch()] make tf_to_crops done
[make_crop_data_batch()] render done
[make_crop_data_batch()] warp done
[make_crop_data_batch()] pose batch data done
[predict()] forward start
[predict()] forward done
[predict()] making cropped data
[make_crop_data_batch()] Welcome make_crop_data_batch
[make_crop_data_batch()] make tf_to_crops done
[make_crop_data_batch()] render done
[make_crop_data_batch()] warp done
[make_crop_data_batch()] pose batch data done
[predict()] forward start
[predict()] forward done
[predict()] ob_in_cams:(252, 4, 4)
[predict()] self.cfg.use_normal:False
[predict()] making cropped data
[make_crop_data_batch()] Welcome make_crop_data_batch
[make_crop_data_batch()] make tf_to_crops done
[make_crop_data_batch()] render done
[make_crop_data_batch()] pose batch data done
[find_best_among_pairs()] pose_data.rgbAs.shape[0]: 252
[predict()] forward done
[register()] final, add_errs min:-1.0
[register()] sort ids:tensor([ 73, 127,   0,  72,  96, 126, 132,   6,  42, 102, 133, 131,   7,  84,
        211, 114,  18,  11,  54, 203,  19,  90,  78,  36,  37, 120, 198, 216,
         79, 215,  48, 156, 106, 197, 234, 150, 182, 192, 188, 210, 172, 222,
         23,  83,  60, 148, 176,  65, 243, 246, 129, 155,  17, 178, 221,   1,
        104, 174, 209,  51, 167,  13,  47, 247,  10,  53, 217, 115, 193,  66,
        100, 147,  56, 123,  95, 228,  49,  70, 168, 171, 201,  33, 157, 162,
         57, 149,  39, 112, 144, 151, 237,   9,  76, 251,  34, 110, 169, 238,
         15,  32,  99, 135, 137, 165, 231,   5,  75, 121,  12,  16,  61, 232,
        117, 195, 204, 109, 141,  27,  41, 207, 119, 225, 226,  22,  58,  68,
         93, 190, 111, 159, 249,  86, 145, 183, 250, 205,  63, 105, 177, 184,
         28, 236, 244, 219,  81, 125, 170, 179, 189,  87,  88, 113, 143, 160,
        199, 242,   3,  26, 108, 186, 213, 140,  82,  94,  43, 139, 202, 142,
         69, 153,   4,  92, 138, 206,  21,  40, 163, 233, 158,  97,  45,  24,
        154, 220, 214,  46, 103, 136, 230, 235,  31,  52, 187, 229, 124,  25,
        161, 166, 116, 240,  85,  91, 130, 245,  20,  35, 185, 212,  38, 101,
        180, 227, 239,  44, 122, 173,  29, 146,  89,  67, 134,   8,  30, 164,
         64, 181,   2,  98, 118, 128, 191, 241,  50, 218,  55,  71, 223,  77,
         62, 107, 152, 224, 208,  14, 200, 196, 194, 248,  74,  80, 175,  59])
[register()] sorted scores:tensor([85.9062, 85.9062, 85.8984, 85.8984, 85.8984, 85.8984, 85.8984, 85.8906,
        85.8906, 85.8906, 85.8906, 85.8672, 85.7656, 85.6406, 85.6016, 85.5938,
        85.5156, 85.5078, 85.4609, 85.4219, 85.3594, 85.3594, 85.3516, 85.3359,
        85.3047, 85.2969, 85.2891, 85.2812, 85.2734, 85.2422, 85.2188, 85.2109,
        85.2031, 85.1875, 85.1719, 85.1641, 85.1641, 85.1641, 85.1562, 85.1562,
        85.1328, 85.1328, 85.1250, 85.1250, 85.1094, 85.1094, 85.1094, 85.1016,
        85.1016, 85.1016, 85.0938, 85.0938, 85.0781, 85.0625, 85.0625, 85.0547,
        85.0547, 85.0547, 85.0547, 85.0469, 85.0469, 85.0391, 85.0391, 85.0391,
        85.0312, 85.0312, 85.0312, 85.0156, 85.0156, 85.0000, 85.0000, 85.0000,
        84.9922, 84.9922, 84.9844, 84.9844, 84.9766, 84.9766, 84.9766, 84.9766,
        84.9766, 84.9688, 84.9688, 84.9688, 84.9531, 84.9531, 84.9453, 84.9453,
        84.9453, 84.9453, 84.9453, 84.9375, 84.9375, 84.9375, 84.9297, 84.9297,
        84.9297, 84.9297, 84.9219, 84.9219, 84.9219, 84.9219, 84.9219, 84.9219,
        84.9219, 84.9141, 84.9141, 84.9141, 84.9062, 84.8984, 84.8984, 84.8984,
        84.8906, 84.8906, 84.8906, 84.8828, 84.8828, 84.8750, 84.8672, 84.8672,
        84.8594, 84.8594, 84.8594, 84.8516, 84.8516, 84.8516, 84.8516, 84.8516,
        84.8438, 84.8438, 84.8438, 84.8359, 84.8359, 84.8359, 84.8359, 84.8281,
        84.8203, 84.8203, 84.8203, 84.8203, 84.8047, 84.8047, 84.8047, 84.7969,
        84.7891, 84.7891, 84.7891, 84.7891, 84.7891, 84.7812, 84.7812, 84.7812,
        84.7812, 84.7812, 84.7812, 84.7812, 84.7734, 84.7734, 84.7734, 84.7734,
        84.7656, 84.7578, 84.7422, 84.7422, 84.7344, 84.7344, 84.7344, 84.7266,
        84.7188, 84.7188, 84.7109, 84.7109, 84.6953, 84.6953, 84.6875, 84.6875,
        84.6875, 84.6875, 84.6797, 84.6719, 84.6641, 84.6562, 84.6484, 84.6484,
        84.6328, 84.6250, 84.6250, 84.6250, 84.6250, 84.6250, 84.6172, 84.6172,
        84.6172, 84.6172, 84.6094, 84.6016, 84.6016, 84.6016, 84.5938, 84.5938,
        84.5859, 84.5859, 84.5859, 84.5859, 84.5781, 84.5781, 84.5781, 84.5781,
        84.5703, 84.5703, 84.5703, 84.5703, 84.5703, 84.5625, 84.5547, 84.5547,
        84.5469, 84.5469, 84.5391, 84.5312, 84.5312, 84.5234, 84.5234, 84.5234,
        84.5156, 84.5156, 84.5078, 84.5078, 84.5078, 84.5000, 84.5000, 84.5000,
        84.4922, 84.4922, 84.4844, 84.4844, 84.4844, 84.4766, 84.4609, 84.4609,
        84.4609, 84.4609, 84.4453, 84.4375, 84.4375, 84.4297, 84.4219, 84.4141,
        84.4062, 84.4062, 84.3984, 84.3594])
[track_one()] Welcome
[track_one()] depth processing done
[predict()] ob_in_cams:(1, 4, 4)
[predict()] self.cfg.use_normal:False
[predict()] trans_normalizer:[0.019999999552965164, 0.019999999552965164, 0.05000000074505806], rot_normalizer:0.3490658503988659
[predict()] making cropped data
[make_crop_data_batch()] Welcome make_crop_data_batch
[make_crop_data_batch()] make tf_to_crops done
[make_crop_data_batch()] render done
[make_crop_data_batch()] warp done
[make_crop_data_batch()] pose batch data done
[predict()] forward start
[predict()] forward done
[predict()] making cropped data
[make_crop_data_batch()] Welcome make_crop_data_batch
[make_crop_data_batch()] make tf_to_crops done
[make_crop_data_batch()] render done
[make_crop_data_batch()] warp done
[make_crop_data_batch()] pose batch data done
[predict()] forward start
[predict()] forward done
[predict()] making cropped data
[make_crop_data_batch()] Welcome make_crop_data_batch
[make_crop_data_batch()] make tf_to_crops done
[make_crop_data_batch()] render done
[make_crop_data_batch()] warp done
[make_crop_data_batch()] pose batch data done
[predict()] forward start
[predict()] forward done
[predict()] making cropped data
[make_crop_data_batch()] Welcome make_crop_data_batch
[make_crop_data_batch()] make tf_to_crops done
[make_crop_data_batch()] render done
[make_crop_data_batch()] warp done
[make_crop_data_batch()] pose batch data done
[predict()] forward start
[predict()] forward done
[predict()] making cropped data
[make_crop_data_batch()] Welcome make_crop_data_batch
[make_crop_data_batch()] make tf_to_crops done
[make_crop_data_batch()] render done
[make_crop_data_batch()] warp done
[make_crop_data_batch()] pose batch data done
[predict()] forward start
[predict()] forward done
[track_one()] pose done
[track_one()] Welcome
[track_one()] depth processing done
[predict()] ob_in_cams:(1, 4, 4)
[predict()] self.cfg.use_normal:False
[predict()] trans_normalizer:[0.019999999552965164, 0.019999999552965164, 0.05000000074505806], rot_normalizer:0.3490658503988659
[predict()] making cropped data
[make_crop_data_batch()] Welcome make_crop_data_batch
[make_crop_data_batch()] make tf_to_crops done
[make_crop_data_batch()] render done
[make_crop_data_batch()] warp done
[make_crop_data_batch()] pose batch data done
[predict()] forward start
[predict()] forward done
[predict()] making cropped data
[make_crop_data_batch()] Welcome make_crop_data_batch
[make_crop_data_batch()] make tf_to_crops done
[make_crop_data_batch()] render done
[make_crop_data_batch()] warp done
[make_crop_data_batch()] pose batch data done
[predict()] forward start
[predict()] forward done
[predict()] making cropped data
[make_crop_data_batch()] Welcome make_crop_data_batch
[make_crop_data_batch()] make tf_to_crops done
[make_crop_data_batch()] render done
[make_crop_data_batch()] warp done
[make_crop_data_batch()] pose batch data done
[predict()] forward start
[predict()] forward done
[predict()] making cropped data
[make_crop_data_batch()] Welcome make_crop_data_batch
[make_crop_data_batch()] make tf_to_crops done
[make_crop_data_batch()] render done
[make_crop_data_batch()] warp done
[make_crop_data_batch()] pose batch data done
[predict()] forward start
[predict()] forward done
[predict()] making cropped data
[make_crop_data_batch()] Welcome make_crop_data_batch
[make_crop_data_batch()] make tf_to_crops done
[make_crop_data_batch()] render done
[make_crop_data_batch()] warp done
[make_crop_data_batch()] pose batch data done
[predict()] forward start
[predict()] forward done
[track_one()] pose done
[track_one()] Welcome
[track_one()] depth processing done
[predict()] ob_in_cams:(1, 4, 4)
[predict()] self.cfg.use_normal:False
[predict()] trans_normalizer:[0.019999999552965164, 0.019999999552965164, 0.05000000074505806], rot_normalizer:0.3490658503988659
[predict()] making cropped data
[make_crop_data_batch()] Welcome make_crop_data_batch
[make_crop_data_batch()] make tf_to_crops done
[make_crop_data_batch()] render done
[make_crop_data_batch()] warp done
[make_crop_data_batch()] pose batch data done
[predict()] forward start
[predict()] forward done
[predict()] making cropped data
[make_crop_data_batch()] Welcome make_crop_data_batch
[make_crop_data_batch()] make tf_to_crops done
[make_crop_data_batch()] render done
[make_crop_data_batch()] warp done
[make_crop_data_batch()] pose batch data done
[predict()] forward start
[predict()] forward done
[predict()] making cropped data
[make_crop_data_batch()] Welcome make_crop_data_batch
[make_crop_data_batch()] make tf_to_crops done
[make_crop_data_batch()] render done
[make_crop_data_batch()] warp done
[make_crop_data_batch()] pose batch data done
[predict()] forward start
[predict()] forward done
[predict()] making cropped data
[make_crop_data_batch()] Welcome make_crop_data_batch
[make_crop_data_batch()] make tf_to_crops done
[make_crop_data_batch()] render done
[make_crop_data_batch()] warp done
[make_crop_data_batch()] pose batch data done
[predict()] forward start
[predict()] forward done
[predict()] making cropped data
[make_crop_data_batch()] Welcome make_crop_data_batch
[make_crop_data_batch()] make tf_to_crops done
[make_crop_data_batch()] render done
[make_crop_data_batch()] warp done
[make_crop_data_batch()] pose batch data done
[predict()] forward start
[predict()] forward done
[track_one()] pose done
[track_one()] Welcome
[track_one()] depth processing done
[predict()] ob_in_cams:(1, 4, 4)
[predict()] self.cfg.use_normal:False
[predict()] trans_normalizer:[0.019999999552965164, 0.019999999552965164, 0.05000000074505806], rot_normalizer:0.3490658503988659
[predict()] making cropped data
[make_crop_data_batch()] Welcome make_crop_data_batch
[make_crop_data_batch()] make tf_to_crops done
[make_crop_data_batch()] render done
[make_crop_data_batch()] warp done
[make_crop_data_batch()] pose batch data done
[predict()] forward start
[predict()] forward done
[predict()] making cropped data
[make_crop_data_batch()] Welcome make_crop_data_batch
[make_crop_data_batch()] make tf_to_crops done
[make_crop_data_batch()] render done
[make_crop_data_batch()] warp done
[make_crop_data_batch()] pose batch data done
[predict()] forward start
[predict()] forward done
[predict()] making cropped data
[make_crop_data_batch()] Welcome make_crop_data_batch
[make_crop_data_batch()] make tf_to_crops done
[make_crop_data_batch()] render done
[make_crop_data_batch()] warp done
[make_crop_data_batch()] pose batch data done
[predict()] forward start
[predict()] forward done
[predict()] making cropped data
[make_crop_data_batch()] Welcome make_crop_data_batch
[make_crop_data_batch()] make tf_to_crops done
[make_crop_data_batch()] render done
[make_crop_data_batch()] warp done
[make_crop_data_batch()] pose batch data done
[predict()] forward start
[predict()] forward done
[predict()] making cropped data
[make_crop_data_batch()] Welcome make_crop_data_batch
[make_crop_data_batch()] make tf_to_crops done
[make_crop_data_batch()] render done
[make_crop_data_batch()] warp done
[make_crop_data_batch()] pose batch data done
[predict()] forward start
[predict()] forward done
[track_one()] pose done
[track_one()] Welcome
[track_one()] depth processing done
[predict()] ob_in_cams:(1, 4, 4)
[predict()] self.cfg.use_normal:False
[predict()] trans_normalizer:[0.019999999552965164, 0.019999999552965164, 0.05000000074505806], rot_normalizer:0.3490658503988659
[predict()] making cropped data
[make_crop_data_batch()] Welcome make_crop_data_batch
[make_crop_data_batch()] make tf_to_crops done
[make_crop_data_batch()] render done
[make_crop_data_batch()] warp done
[make_crop_data_batch()] pose batch data done
[predict()] forward start
[predict()] forward done
[predict()] making cropped data
[make_crop_data_batch()] Welcome make_crop_data_batch
[make_crop_data_batch()] make tf_to_crops done
[make_crop_data_batch()] render done
[make_crop_data_batch()] warp done
[make_crop_data_batch()] pose batch data done
[predict()] forward start
[predict()] forward done
[predict()] making cropped data
[make_crop_data_batch()] Welcome make_crop_data_batch
[make_crop_data_batch()] make tf_to_crops done
[make_crop_data_batch()] render done
[make_crop_data_batch()] warp done
[make_crop_data_batch()] pose batch data done
[predict()] forward start
[predict()] forward done
[predict()] making cropped data
[make_crop_data_batch()] Welcome make_crop_data_batch
[make_crop_data_batch()] make tf_to_crops done
[make_crop_data_batch()] render done
[make_crop_data_batch()] warp done
[make_crop_data_batch()] pose batch data done
[predict()] forward start
[predict()] forward done
[predict()] making cropped data
[make_crop_data_batch()] Welcome make_crop_data_batch
[make_crop_data_batch()] make tf_to_crops done
[make_crop_data_batch()] render done
[make_crop_data_batch()] warp done
[make_crop_data_batch()] pose batch data done
[predict()] forward start
[predict()] forward done
[track_one()] pose done
[track_one()] Welcome
[track_one()] depth processing done
[predict()] ob_in_cams:(1, 4, 4)
[predict()] self.cfg.use_normal:False
[predict()] trans_normalizer:[0.019999999552965164, 0.019999999552965164, 0.05000000074505806], rot_normalizer:0.3490658503988659
[predict()] making cropped data
[make_crop_data_batch()] Welcome make_crop_data_batch
[make_crop_data_batch()] make tf_to_crops done
[make_crop_data_batch()] render done
[make_crop_data_batch()] warp done
[make_crop_data_batch()] pose batch data done
[predict()] forward start
[predict()] forward done
[predict()] making cropped data
[make_crop_data_batch()] Welcome make_crop_data_batch
[make_crop_data_batch()] make tf_to_crops done
[make_crop_data_batch()] render done
[make_crop_data_batch()] warp done
[make_crop_data_batch()] pose batch data done
[predict()] forward start
[predict()] forward done
[predict()] making cropped data
[make_crop_data_batch()] Welcome make_crop_data_batch
[make_crop_data_batch()] make tf_to_crops done
[make_crop_data_batch()] render done
[make_crop_data_batch()] warp done
[make_crop_data_batch()] pose batch data done
[predict()] forward start
[predict()] forward done
[predict()] making cropped data
[make_crop_data_batch()] Welcome make_crop_data_batch
[make_crop_data_batch()] make tf_to_crops done
[make_crop_data_batch()] render done
[make_crop_data_batch()] warp done
[make_crop_data_batch()] pose batch data done
[predict()] forward start
[predict()] forward done
[predict()] making cropped data
[make_crop_data_batch()] Welcome make_crop_data_batch
[make_crop_data_batch()] make tf_to_crops done
[make_crop_data_batch()] render done
[make_crop_data_batch()] warp done
[make_crop_data_batch()] pose batch data done
[predict()] forward start
[predict()] forward done
[track_one()] pose done
[track_one()] Welcome
[track_one()] depth processing done
[predict()] ob_in_cams:(1, 4, 4)
[predict()] self.cfg.use_normal:False
[predict()] trans_normalizer:[0.019999999552965164, 0.019999999552965164, 0.05000000074505806], rot_normalizer:0.3490658503988659
[predict()] making cropped data
[make_crop_data_batch()] Welcome make_crop_data_batch
[make_crop_data_batch()] make tf_to_crops done
[make_crop_data_batch()] render done
[make_crop_data_batch()] warp done
[make_crop_data_batch()] pose batch data done
[predict()] forward start
[predict()] forward done
[predict()] making cropped data
[make_crop_data_batch()] Welcome make_crop_data_batch
[make_crop_data_batch()] make tf_to_crops done
[make_crop_data_batch()] render done
[make_crop_data_batch()] warp done
[make_crop_data_batch()] pose batch data done
[predict()] forward start
[predict()] forward done
[predict()] making cropped data
[make_crop_data_batch()] Welcome make_crop_data_batch
[make_crop_data_batch()] make tf_to_crops done
[make_crop_data_batch()] render done
[make_crop_data_batch()] warp done
[make_crop_data_batch()] pose batch data done
[predict()] forward start
[predict()] forward done
[predict()] making cropped data
[make_crop_data_batch()] Welcome make_crop_data_batch
[make_crop_data_batch()] make tf_to_crops done
[make_crop_data_batch()] render done
[make_crop_data_batch()] warp done
[make_crop_data_batch()] pose batch data done
[predict()] forward start
[predict()] forward done
[predict()] making cropped data
[make_crop_data_batch()] Welcome make_crop_data_batch
[make_crop_data_batch()] make tf_to_crops done
[make_crop_data_batch()] render done
[make_crop_data_batch()] warp done
[make_crop_data_batch()] pose batch data done
[predict()] forward start
[predict()] forward done
[track_one()] pose done
[track_one()] Welcome
[track_one()] depth processing done
[predict()] ob_in_cams:(1, 4, 4)
[predict()] self.cfg.use_normal:False
[predict()] trans_normalizer:[0.019999999552965164, 0.019999999552965164, 0.05000000074505806], rot_normalizer:0.3490658503988659
[predict()] making cropped data
[make_crop_data_batch()] Welcome make_crop_data_batch
[make_crop_data_batch()] make tf_to_crops done
[make_crop_data_batch()] render done
[make_crop_data_batch()] warp done
[make_crop_data_batch()] pose batch data done
[predict()] forward start
[predict()] forward done
[predict()] making cropped data
[make_crop_data_batch()] Welcome make_crop_data_batch
[make_crop_data_batch()] make tf_to_crops done
[make_crop_data_batch()] render done
[make_crop_data_batch()] warp done
[make_crop_data_batch()] pose batch data done
[predict()] forward start
[predict()] forward done
[predict()] making cropped data
[make_crop_data_batch()] Welcome make_crop_data_batch
[make_crop_data_batch()] make tf_to_crops done
[make_crop_data_batch()] render done
[make_crop_data_batch()] warp done
[make_crop_data_batch()] pose batch data done
[predict()] forward start
[predict()] forward done
[predict()] making cropped data
[make_crop_data_batch()] Welcome make_crop_data_batch
[make_crop_data_batch()] make tf_to_crops done
[make_crop_data_batch()] render done
[make_crop_data_batch()] warp done
[make_crop_data_batch()] pose batch data done
[predict()] forward start
[predict()] forward done
[predict()] making cropped data
[make_crop_data_batch()] Welcome make_crop_data_batch
[make_crop_data_batch()] make tf_to_crops done
[make_crop_data_batch()] render done
[make_crop_data_batch()] warp done
[make_crop_data_batch()] pose batch data done
[predict()] forward start
[predict()] forward done
[track_one()] pose done
[track_one()] Welcome
[track_one()] depth processing done
[predict()] ob_in_cams:(1, 4, 4)
[predict()] self.cfg.use_normal:False
[predict()] trans_normalizer:[0.019999999552965164, 0.019999999552965164, 0.05000000074505806], rot_normalizer:0.3490658503988659
[predict()] making cropped data
[make_crop_data_batch()] Welcome make_crop_data_batch
[make_crop_data_batch()] make tf_to_crops done
[make_crop_data_batch()] render done
[make_crop_data_batch()] warp done
[make_crop_data_batch()] pose batch data done
[predict()] forward start
[predict()] forward done
[predict()] making cropped data
[make_crop_data_batch()] Welcome make_crop_data_batch
[make_crop_data_batch()] make tf_to_crops done
[make_crop_data_batch()] render done
[make_crop_data_batch()] warp done
[make_crop_data_batch()] pose batch data done
[predict()] forward start
[predict()] forward done
[predict()] making cropped data
[make_crop_data_batch()] Welcome make_crop_data_batch
[make_crop_data_batch()] make tf_to_crops done
[make_crop_data_batch()] render done
[make_crop_data_batch()] warp done
[make_crop_data_batch()] pose batch data done
[predict()] forward start
[predict()] forward done
[predict()] making cropped data
[make_crop_data_batch()] Welcome make_crop_data_batch
[make_crop_data_batch()] make tf_to_crops done
[make_crop_data_batch()] render done
[make_crop_data_batch()] warp done
[make_crop_data_batch()] pose batch data done
[predict()] forward start
[predict()] forward done
[predict()] making cropped data
[make_crop_data_batch()] Welcome make_crop_data_batch
[make_crop_data_batch()] make tf_to_crops done
[make_crop_data_batch()] render done
[make_crop_data_batch()] warp done
[make_crop_data_batch()] pose batch data done
[predict()] forward start
[predict()] forward done
[track_one()] pose done
[track_one()] Welcome
[track_one()] depth processing done
[predict()] ob_in_cams:(1, 4, 4)
[predict()] self.cfg.use_normal:False
[predict()] trans_normalizer:[0.019999999552965164, 0.019999999552965164, 0.05000000074505806], rot_normalizer:0.3490658503988659
[predict()] making cropped data
[make_crop_data_batch()] Welcome make_crop_data_batch
[make_crop_data_batch()] make tf_to_crops done
[make_crop_data_batch()] render done
[make_crop_data_batch()] warp done
[make_crop_data_batch()] pose batch data done
[predict()] forward start
[predict()] forward done
[predict()] making cropped data
[make_crop_data_batch()] Welcome make_crop_data_batch
[make_crop_data_batch()] make tf_to_crops done
[make_crop_data_batch()] render done
[make_crop_data_batch()] warp done
[make_crop_data_batch()] pose batch data done
[predict()] forward start
[predict()] forward done
[predict()] making cropped data
[make_crop_data_batch()] Welcome make_crop_data_batch
[make_crop_data_batch()] make tf_to_crops done
[make_crop_data_batch()] render done
[make_crop_data_batch()] warp done
[make_crop_data_batch()] pose batch data done
[predict()] forward start
[predict()] forward done
[predict()] making cropped data
[make_crop_data_batch()] Welcome make_crop_data_batch
[make_crop_data_batch()] make tf_to_crops done
[make_crop_data_batch()] render done
[make_crop_data_batch()] warp done
[make_crop_data_batch()] pose batch data done
[predict()] forward start
[predict()] forward done
[predict()] making cropped data
[make_crop_data_batch()] Welcome make_crop_data_batch
[make_crop_data_batch()] make tf_to_crops done
[make_crop_data_batch()] render done
[make_crop_data_batch()] warp done
[make_crop_data_batch()] pose batch data done
[predict()] forward start
[predict()] forward done
[track_one()] pose done
[track_one()] Welcome
[track_one()] depth processing done
[predict()] ob_in_cams:(1, 4, 4)
[predict()] self.cfg.use_normal:False
[predict()] trans_normalizer:[0.019999999552965164, 0.019999999552965164, 0.05000000074505806], rot_normalizer:0.3490658503988659
[predict()] making cropped data
[make_crop_data_batch()] Welcome make_crop_data_batch
[make_crop_data_batch()] make tf_to_crops done
[make_crop_data_batch()] render done
[make_crop_data_batch()] warp done
[make_crop_data_batch()] pose batch data done
[predict()] forward start
[predict()] forward done
[predict()] making cropped data
[make_crop_data_batch()] Welcome make_crop_data_batch
[make_crop_data_batch()] make tf_to_crops done
[make_crop_data_batch()] render done
[make_crop_data_batch()] warp done
[make_crop_data_batch()] pose batch data done
[predict()] forward start
[predict()] forward done
[predict()] making cropped data
[make_crop_data_batch()] Welcome make_crop_data_batch
[make_crop_data_batch()] make tf_to_crops done
[make_crop_data_batch()] render done
[make_crop_data_batch()] warp done
[make_crop_data_batch()] pose batch data done
[predict()] forward start
[predict()] forward done
[predict()] making cropped data
[make_crop_data_batch()] Welcome make_crop_data_batch
[make_crop_data_batch()] make tf_to_crops done
[make_crop_data_batch()] render done
[make_crop_data_batch()] warp done
[make_crop_data_batch()] pose batch data done
[predict()] forward start
[predict()] forward done
[predict()] making cropped data
[make_crop_data_batch()] Welcome make_crop_data_batch
[make_crop_data_batch()] make tf_to_crops done
[make_crop_data_batch()] render done
[make_crop_data_batch()] warp done
[make_crop_data_batch()] pose batch data done
[predict()] forward start
[predict()] forward done
[track_one()] pose done
[track_one()] Welcome
[track_one()] depth processing done
[predict()] ob_in_cams:(1, 4, 4)
[predict()] self.cfg.use_normal:False
[predict()] trans_normalizer:[0.019999999552965164, 0.019999999552965164, 0.05000000074505806], rot_normalizer:0.3490658503988659
[predict()] making cropped data
[make_crop_data_batch()] Welcome make_crop_data_batch
[make_crop_data_batch()] make tf_to_crops done
[make_crop_data_batch()] render done
[make_crop_data_batch()] warp done
[make_crop_data_batch()] pose batch data done
[predict()] forward start
[predict()] forward done
[predict()] making cropped data
[make_crop_data_batch()] Welcome make_crop_data_batch
[make_crop_data_batch()] make tf_to_crops done
[make_crop_data_batch()] render done
[make_crop_data_batch()] warp done
[make_crop_data_batch()] pose batch data done
[predict()] forward start
[predict()] forward done
[predict()] making cropped data
[make_crop_data_batch()] Welcome make_crop_data_batch
[make_crop_data_batch()] make tf_to_crops done
[make_crop_data_batch()] render done
[make_crop_data_batch()] warp done
[make_crop_data_batch()] pose batch data done
[predict()] forward start
[predict()] forward done
[predict()] making cropped data
[make_crop_data_batch()] Welcome make_crop_data_batch
[make_crop_data_batch()] make tf_to_crops done
[make_crop_data_batch()] render done
[make_crop_data_batch()] warp done
[make_crop_data_batch()] pose batch data done
[predict()] forward start
[predict()] forward done
[predict()] making cropped data
[make_crop_data_batch()] Welcome make_crop_data_batch
[make_crop_data_batch()] make tf_to_crops done
[make_crop_data_batch()] render done
[make_crop_data_batch()] warp done
[make_crop_data_batch()] pose batch data done
[predict()] forward start
[predict()] forward done
[track_one()] pose done
[track_one()] Welcome
[track_one()] depth processing done
[predict()] ob_in_cams:(1, 4, 4)
[predict()] self.cfg.use_normal:False
[predict()] trans_normalizer:[0.019999999552965164, 0.019999999552965164, 0.05000000074505806], rot_normalizer:0.3490658503988659
[predict()] making cropped data
[make_crop_data_batch()] Welcome make_crop_data_batch
[make_crop_data_batch()] make tf_to_crops done
[make_crop_data_batch()] render done
[make_crop_data_batch()] warp done
[make_crop_data_batch()] pose batch data done
[predict()] forward start
[predict()] forward done
[predict()] making cropped data
[make_crop_data_batch()] Welcome make_crop_data_batch
[make_crop_data_batch()] make tf_to_crops done
[make_crop_data_batch()] render done
[make_crop_data_batch()] warp done
[make_crop_data_batch()] pose batch data done
[predict()] forward start
[predict()] forward done
[predict()] making cropped data
[make_crop_data_batch()] Welcome make_crop_data_batch
[make_crop_data_batch()] make tf_to_crops done
[make_crop_data_batch()] render done
[make_crop_data_batch()] warp done
[make_crop_data_batch()] pose batch data done
[predict()] forward start
[predict()] forward done
[predict()] making cropped data
[make_crop_data_batch()] Welcome make_crop_data_batch
[make_crop_data_batch()] make tf_to_crops done
[make_crop_data_batch()] render done
[make_crop_data_batch()] warp done
[make_crop_data_batch()] pose batch data done
[predict()] forward start
[predict()] forward done
[predict()] making cropped data
[make_crop_data_batch()] Welcome make_crop_data_batch
[make_crop_data_batch()] make tf_to_crops done
[make_crop_data_batch()] render done
[make_crop_data_batch()] warp done
[make_crop_data_batch()] pose batch data done
[predict()] forward start
[predict()] forward done
[track_one()] pose done
[track_one()] Welcome
[track_one()] depth processing done
[predict()] ob_in_cams:(1, 4, 4)
[predict()] self.cfg.use_normal:False
[predict()] trans_normalizer:[0.019999999552965164, 0.019999999552965164, 0.05000000074505806], rot_normalizer:0.3490658503988659
[predict()] making cropped data
[make_crop_data_batch()] Welcome make_crop_data_batch
[make_crop_data_batch()] make tf_to_crops done
[make_crop_data_batch()] render done
[make_crop_data_batch()] warp done
[make_crop_data_batch()] pose batch data done
[predict()] forward start
[predict()] forward done
[predict()] making cropped data
[make_crop_data_batch()] Welcome make_crop_data_batch
[make_crop_data_batch()] make tf_to_crops done
[make_crop_data_batch()] render done
[make_crop_data_batch()] warp done
[make_crop_data_batch()] pose batch data done
[predict()] forward start
[predict()] forward done
[predict()] making cropped data
[make_crop_data_batch()] Welcome make_crop_data_batch
[make_crop_data_batch()] make tf_to_crops done
[make_crop_data_batch()] render done
[make_crop_data_batch()] warp done
[make_crop_data_batch()] pose batch data done
[predict()] forward start
[predict()] forward done
[predict()] making cropped data
[make_crop_data_batch()] Welcome make_crop_data_batch
[make_crop_data_batch()] make tf_to_crops done
[make_crop_data_batch()] render done
[make_crop_data_batch()] warp done
[make_crop_data_batch()] pose batch data done
[predict()] forward start
[predict()] forward done
[predict()] making cropped data
[make_crop_data_batch()] Welcome make_crop_data_batch
[make_crop_data_batch()] make tf_to_crops done
[make_crop_data_batch()] render done
[make_crop_data_batch()] warp done
[make_crop_data_batch()] pose batch data done
[predict()] forward start
[predict()] forward done
[track_one()] pose done
[track_one()] Welcome
[track_one()] depth processing done
[predict()] ob_in_cams:(1, 4, 4)
[predict()] self.cfg.use_normal:False
[predict()] trans_normalizer:[0.019999999552965164, 0.019999999552965164, 0.05000000074505806], rot_normalizer:0.3490658503988659
[predict()] making cropped data
[make_crop_data_batch()] Welcome make_crop_data_batch
[make_crop_data_batch()] make tf_to_crops done
[make_crop_data_batch()] render done
[make_crop_data_batch()] warp done
[make_crop_data_batch()] pose batch data done
[predict()] forward start
[predict()] forward done
[predict()] making cropped data
[make_crop_data_batch()] Welcome make_crop_data_batch
[make_crop_data_batch()] make tf_to_crops done
[make_crop_data_batch()] render done
[make_crop_data_batch()] warp done
[make_crop_data_batch()] pose batch data done
[predict()] forward start
[predict()] forward done
[predict()] making cropped data
[make_crop_data_batch()] Welcome make_crop_data_batch
[make_crop_data_batch()] make tf_to_crops done
[make_crop_data_batch()] render done
[make_crop_data_batch()] warp done
[make_crop_data_batch()] pose batch data done
[predict()] forward start
[predict()] forward done
[predict()] making cropped data
[make_crop_data_batch()] Welcome make_crop_data_batch
[make_crop_data_batch()] make tf_to_crops done
[make_crop_data_batch()] render done
[make_crop_data_batch()] warp done
[make_crop_data_batch()] pose batch data done
[predict()] forward start
[predict()] forward done
[predict()] making cropped data
[make_crop_data_batch()] Welcome make_crop_data_batch
[make_crop_data_batch()] make tf_to_crops done
[make_crop_data_batch()] render done
[make_crop_data_batch()] warp done
[make_crop_data_batch()] pose batch data done
[predict()] forward start
[predict()] forward done
[track_one()] pose done
[track_one()] Welcome
[track_one()] depth processing done
[predict()] ob_in_cams:(1, 4, 4)
[predict()] self.cfg.use_normal:False
[predict()] trans_normalizer:[0.019999999552965164, 0.019999999552965164, 0.05000000074505806], rot_normalizer:0.3490658503988659
[predict()] making cropped data
[make_crop_data_batch()] Welcome make_crop_data_batch
[make_crop_data_batch()] make tf_to_crops done
[make_crop_data_batch()] render done
[make_crop_data_batch()] warp done
[make_crop_data_batch()] pose batch data done
[predict()] forward start
[predict()] forward done
[predict()] making cropped data
[make_crop_data_batch()] Welcome make_crop_data_batch
[make_crop_data_batch()] make tf_to_crops done
[make_crop_data_batch()] render done
[make_crop_data_batch()] warp done
[make_crop_data_batch()] pose batch data done
[predict()] forward start
[predict()] forward done
[predict()] making cropped data
[make_crop_data_batch()] Welcome make_crop_data_batch
[make_crop_data_batch()] make tf_to_crops done
[make_crop_data_batch()] render done
[make_crop_data_batch()] warp done
[make_crop_data_batch()] pose batch data done
[predict()] forward start
[predict()] forward done
[predict()] making cropped data
[make_crop_data_batch()] Welcome make_crop_data_batch
[make_crop_data_batch()] make tf_to_crops done
[make_crop_data_batch()] render done
[make_crop_data_batch()] warp done
[make_crop_data_batch()] pose batch data done
[predict()] forward start
[predict()] forward done
[predict()] making cropped data
[make_crop_data_batch()] Welcome make_crop_data_batch
[make_crop_data_batch()] make tf_to_crops done
[make_crop_data_batch()] render done
[make_crop_data_batch()] warp done
[make_crop_data_batch()] pose batch data done
[predict()] forward start
[predict()] forward done
[track_one()] pose done
[track_one()] Welcome
[track_one()] depth processing done
[predict()] ob_in_cams:(1, 4, 4)
[predict()] self.cfg.use_normal:False
[predict()] trans_normalizer:[0.019999999552965164, 0.019999999552965164, 0.05000000074505806], rot_normalizer:0.3490658503988659
[predict()] making cropped data
[make_crop_data_batch()] Welcome make_crop_data_batch
[make_crop_data_batch()] make tf_to_crops done
[make_crop_data_batch()] render done
[make_crop_data_batch()] warp done
[make_crop_data_batch()] pose batch data done
[predict()] forward start
[predict()] forward done
[predict()] making cropped data
[make_crop_data_batch()] Welcome make_crop_data_batch
[make_crop_data_batch()] make tf_to_crops done
[make_crop_data_batch()] render done
[make_crop_data_batch()] warp done
[make_crop_data_batch()] pose batch data done
[predict()] forward start
[predict()] forward done
[predict()] making cropped data
[make_crop_data_batch()] Welcome make_crop_data_batch
[make_crop_data_batch()] make tf_to_crops done
[make_crop_data_batch()] render done
[make_crop_data_batch()] warp done
[make_crop_data_batch()] pose batch data done
[predict()] forward start
[predict()] forward done
[predict()] making cropped data
[make_crop_data_batch()] Welcome make_crop_data_batch
[make_crop_data_batch()] make tf_to_crops done
[make_crop_data_batch()] render done
[make_crop_data_batch()] warp done
[make_crop_data_batch()] pose batch data done
[predict()] forward start
[predict()] forward done
[predict()] making cropped data
[make_crop_data_batch()] Welcome make_crop_data_batch
[make_crop_data_batch()] make tf_to_crops done
[make_crop_data_batch()] render done
[make_crop_data_batch()] warp done
[make_crop_data_batch()] pose batch data done
[predict()] forward start
[predict()] forward done
[track_one()] pose done
[track_one()] Welcome
[track_one()] depth processing done
[predict()] ob_in_cams:(1, 4, 4)
[predict()] self.cfg.use_normal:False
[predict()] trans_normalizer:[0.019999999552965164, 0.019999999552965164, 0.05000000074505806], rot_normalizer:0.3490658503988659
[predict()] making cropped data
[make_crop_data_batch()] Welcome make_crop_data_batch
[make_crop_data_batch()] make tf_to_crops done
[make_crop_data_batch()] render done
[make_crop_data_batch()] warp done
[make_crop_data_batch()] pose batch data done
[predict()] forward start
[predict()] forward done
[predict()] making cropped data
[make_crop_data_batch()] Welcome make_crop_data_batch
[make_crop_data_batch()] make tf_to_crops done
[make_crop_data_batch()] render done
[make_crop_data_batch()] warp done
[make_crop_data_batch()] pose batch data done
[predict()] forward start
[predict()] forward done
[predict()] making cropped data
[make_crop_data_batch()] Welcome make_crop_data_batch
[make_crop_data_batch()] make tf_to_crops done
[make_crop_data_batch()] render done
[make_crop_data_batch()] warp done
[make_crop_data_batch()] pose batch data done
[predict()] forward start
[predict()] forward done
[predict()] making cropped data
[make_crop_data_batch()] Welcome make_crop_data_batch
[make_crop_data_batch()] make tf_to_crops done
[make_crop_data_batch()] render done
[make_crop_data_batch()] warp done
[make_crop_data_batch()] pose batch data done
[predict()] forward start
[predict()] forward done
[predict()] making cropped data
[make_crop_data_batch()] Welcome make_crop_data_batch
[make_crop_data_batch()] make tf_to_crops done
[make_crop_data_batch()] render done
[make_crop_data_batch()] warp done
[make_crop_data_batch()] pose batch data done
[predict()] forward start
[predict()] forward done
[track_one()] pose done
[track_one()] Welcome
[track_one()] depth processing done
[predict()] ob_in_cams:(1, 4, 4)
[predict()] self.cfg.use_normal:False
[predict()] trans_normalizer:[0.019999999552965164, 0.019999999552965164, 0.05000000074505806], rot_normalizer:0.3490658503988659
[predict()] making cropped data
[make_crop_data_batch()] Welcome make_crop_data_batch
[make_crop_data_batch()] make tf_to_crops done
[make_crop_data_batch()] render done
[make_crop_data_batch()] warp done
[make_crop_data_batch()] pose batch data done
[predict()] forward start
[predict()] forward done
[predict()] making cropped data
[make_crop_data_batch()] Welcome make_crop_data_batch
[make_crop_data_batch()] make tf_to_crops done
[make_crop_data_batch()] render done
[make_crop_data_batch()] warp done
[make_crop_data_batch()] pose batch data done
[predict()] forward start
[predict()] forward done
[predict()] making cropped data
[make_crop_data_batch()] Welcome make_crop_data_batch
[make_crop_data_batch()] make tf_to_crops done
[make_crop_data_batch()] render done
[make_crop_data_batch()] warp done
[make_crop_data_batch()] pose batch data done
[predict()] forward start
[predict()] forward done
[predict()] making cropped data
[make_crop_data_batch()] Welcome make_crop_data_batch
[make_crop_data_batch()] make tf_to_crops done
[make_crop_data_batch()] render done
[make_crop_data_batch()] warp done
[make_crop_data_batch()] pose batch data done
[predict()] forward start
[predict()] forward done
[predict()] making cropped data
[make_crop_data_batch()] Welcome make_crop_data_batch
[make_crop_data_batch()] make tf_to_crops done
[make_crop_data_batch()] render done
[make_crop_data_batch()] warp done
[make_crop_data_batch()] pose batch data done
[predict()] forward start
[predict()] forward done
[track_one()] pose done
[done] saved /home/ngoncharov/cvpr2026/ReLiFT-6DoF/baselines_real/results_fp/gt/teabox_translation_prod.npy  (20 frames)
Evaluating:   0%|          | 0/7 [00:00<?, ?it/s]Evaluating:  14%|█▍        | 1/7 [00:04<00:29,  4.88s/it]Evaluating:  29%|██▊       | 2/7 [00:09<00:24,  4.96s/it]Evaluating:  43%|████▎     | 3/7 [00:14<00:18,  4.70s/it]Evaluating:  57%|█████▋    | 4/7 [00:19<00:14,  4.77s/it]Evaluating:  71%|███████▏  | 5/7 [00:23<00:09,  4.64s/it]Evaluating:  86%|████████▌ | 6/7 [00:27<00:04,  4.43s/it]Evaluating: 100%|██████████| 7/7 [00:32<00:00,  4.67s/it]Evaluating: 100%|██████████| 7/7 [00:32<00:00,  4.68s/it]
LiFT real (gt depth)
─────────────────────────────────────────────────────────────
                        ADD↑ AUC ADD-S↑ AUC ATE↓ (m) Rot↓ (°)
box_motion_prod           0.8763     0.8970   0.0129     4.48
jug_motion_prod           0.8758     0.9419   0.0078    10.84
jug_tilt_prod             0.6818     0.8565   0.0439    49.29
jug_translation_z_prod    0.6551     0.7985   0.0258    44.68
shiny_box_tilt_prod       0.4786     0.7329   0.0469    19.81
teabox_tilt_prod          0.6832     0.8630   0.0427     5.40
teabox_translation_prod   0.9157     0.9561   0.0086     3.10
── Average ──             0.7380     0.8637   0.0269    19.66

Metrics  → eval/results/lift_results_fp/metrics.json
Outputs  → eval/results/lift_results_fp
Qual viz → eval/results_qual/lift_results_fp
